time_local,time_utc,nuclear
2024-11-30T18:04:57-06:00,2024-12-01T00:04:57+00:00,5101.6
2024-11-30T18:09:57-06:00,2024-12-01T00:09:57+00:00,5101.2
2024-11-30T18:14:57-06:00,2024-12-01T00:14:57+00:00,5101.7
2024-11-30T18:19:57-06:00,2024-12-01T00:19:57+00:00,5102.7
2024-11-30T18:24:57-06:00,2024-12-01T00:24:57+00:00,5100.2
2024-11-30T18:29:57-06:00,2024-12-01T00:29:57+00:00,5100.9
2024-11-30T18:34:57-06:00,2024-12-01T00:34:57+00:00,5102.5
2024-11-30T18:39:57-06:00,2024-12-01T00:39:57+00:00,5101.9
2024-11-30T18:44:57-06:00,2024-12-01T00:44:57+00:00,5102.4
2024-11-30T18:49:57-06:00,2024-12-01T00:49:57+00:00,5101.2
2024-11-30T18:54:57-06:00,2024-12-01T00:54:57+00:00,5101.3
2024-11-30T18:59:57-06:00,2024-12-01T00:59:57+00:00,5101.2
2024-11-30T19:04:57-06:00,2024-12-01T01:04:57+00:00,5100.0
2024-11-30T19:09:57-06:00,2024-12-01T01:09:57+00:00,5099.9
2024-11-30T19:14:57-06:00,2024-12-01T01:14:57+00:00,5100.5
2024-11-30T19:19:57-06:00,2024-12-01T01:19:57+00:00,5101.2
2024-11-30T19:24:57-06:00,2024-12-01T01:24:57+00:00,5100.8
2024-11-30T19:29:57-06:00,2024-12-01T01:29:57+00:00,5101.5
2024-11-30T19:34:57-06:00,2024-12-01T01:34:57+00:00,5101.8
2024-11-30T19:39:57-06:00,2024-12-01T01:39:57+00:00,5100.1
2024-11-30T19:44:57-06:00,2024-12-01T01:44:57+00:00,5103.0
2024-11-30T19:49:57-06:00,2024-12-01T01:49:57+00:00,5101.5
2024-11-30T19:54:57-06:00,2024-12-01T01:54:57+00:00,5098.7
2024-11-30T19:59:57-06:00,2024-12-01T01:59:57+00:00,5101.0
2024-11-30T20:04:57-06:00,2024-12-01T02:04:57+00:00,5100.6
2024-11-30T20:09:57-06:00,2024-12-01T02:09:57+00:00,5100.4
2024-11-30T20:14:57-06:00,2024-12-01T02:14:57+00:00,5100.9
2024-11-30T20:19:57-06:00,2024-12-01T02:19:57+00:00,5099.7
2024-11-30T20:24:57-06:00,2024-12-01T02:24:57+00:00,5101.2
2024-11-30T20:29:57-06:00,2024-12-01T02:29:57+00:00,5100.8
2024-11-30T20:34:57-06:00,2024-12-01T02:34:57+00:00,5099.8
2024-11-30T20:39:57-06:00,2024-12-01T02:39:57+00:00,5100.4
2024-11-30T20:44:57-06:00,2024-12-01T02:44:57+00:00,5097.8
2024-11-30T20:49:57-06:00,2024-12-01T02:49:57+00:00,5097.8
2024-11-30T20:54:57-06:00,2024-12-01T02:54:57+00:00,5101.2
2024-11-30T20:59:57-06:00,2024-12-01T02:59:57+00:00,5099.7
2024-11-30T21:04:57-06:00,2024-12-01T03:04:57+00:00,5101.1
2024-11-30T21:09:57-06:00,2024-12-01T03:09:57+00:00,5102.0
2024-11-30T21:14:57-06:00,2024-12-01T03:14:57+00:00,5100.8
2024-11-30T21:19:57-06:00,2024-12-01T03:19:57+00:00,5100.9
2024-11-30T21:24:57-06:00,2024-12-01T03:24:57+00:00,5100.2
2024-11-30T21:29:57-06:00,2024-12-01T03:29:57+00:00,5099.5
2024-11-30T21:34:57-06:00,2024-12-01T03:34:57+00:00,5099.9
2024-11-30T21:39:57-06:00,2024-12-01T03:39:57+00:00,5101.3
2024-11-30T21:44:57-06:00,2024-12-01T03:44:57+00:00,5098.2
2024-11-30T21:49:57-06:00,2024-12-01T03:49:57+00:00,5099.1
2024-11-30T21:54:57-06:00,2024-12-01T03:54:57+00:00,5100.6
2024-11-30T21:59:57-06:00,2024-12-01T03:59:57+00:00,5102.6
2024-11-30T22:04:57-06:00,2024-12-01T04:04:57+00:00,5098.7
2024-11-30T22:09:57-06:00,2024-12-01T04:09:57+00:00,5099.5
2024-11-30T22:14:57-06:00,2024-12-01T04:14:57+00:00,5099.9
2024-11-30T22:19:57-06:00,2024-12-01T04:19:57+00:00,5102.4
2024-11-30T22:24:57-06:00,2024-12-01T04:24:57+00:00,5101.2
2024-11-30T22:29:57-06:00,2024-12-01T04:29:57+00:00,5099.8
2024-11-30T22:34:57-06:00,2024-12-01T04:34:57+00:00,5098.7
2024-11-30T22:39:57-06:00,2024-12-01T04:39:57+00:00,5100.4
2024-11-30T22:44:57-06:00,2024-12-01T04:44:57+00:00,5099.5
2024-11-30T22:49:57-06:00,2024-12-01T04:49:57+00:00,5099.7
2024-11-30T22:54:57-06:00,2024-12-01T04:54:57+00:00,5101.3
2024-11-30T22:59:57-06:00,2024-12-01T04:59:57+00:00,5099.7
2024-11-30T23:04:57-06:00,2024-12-01T05:04:57+00:00,5100.4
2024-11-30T23:09:57-06:00,2024-12-01T05:09:57+00:00,5101.3
2024-11-30T23:14:57-06:00,2024-12-01T05:14:57+00:00,5101.5
2024-11-30T23:19:57-06:00,2024-12-01T05:19:57+00:00,5101.2
2024-11-30T23:24:57-06:00,2024-12-01T05:24:57+00:00,5101.4
2024-11-30T23:29:57-06:00,2024-12-01T05:29:57+00:00,5102.3
2024-11-30T23:34:57-06:00,2024-12-01T05:34:57+00:00,5101.2
2024-11-30T23:39:57-06:00,2024-12-01T05:39:57+00:00,5100.7
2024-11-30T23:44:57-06:00,2024-12-01T05:44:57+00:00,5100.9
2024-11-30T23:49:57-06:00,2024-12-01T05:49:57+00:00,5101.1
2024-11-30T23:54:57-06:00,2024-12-01T05:54:57+00:00,5099.0
2024-11-30T23:59:57-06:00,2024-12-01T05:59:57+00:00,5099.7
2024-12-01T00:04:57-06:00,2024-12-01T06:04:57+00:00,5100.3
2024-12-01T00:09:57-06:00,2024-12-01T06:09:57+00:00,5101.6
2024-12-01T00:14:57-06:00,2024-12-01T06:14:57+00:00,5099.9
2024-12-01T00:19:57-06:00,2024-12-01T06:19:57+00:00,5102.4
2024-12-01T00:24:57-06:00,2024-12-01T06:24:57+00:00,5100.9
2024-12-01T00:29:57-06:00,2024-12-01T06:29:57+00:00,5102.3
2024-12-01T00:34:57-06:00,2024-12-01T06:34:57+00:00,5100.8
2024-12-01T00:39:57-06:00,2024-12-01T06:39:57+00:00,5101.7
2024-12-01T00:44:57-06:00,2024-12-01T06:44:57+00:00,5099.5
2024-12-01T00:49:57-06:00,2024-12-01T06:49:57+00:00,5103.0
2024-12-01T00:54:57-06:00,2024-12-01T06:54:57+00:00,5101.1
2024-12-01T00:59:57-06:00,2024-12-01T06:59:57+00:00,5101.2
2024-12-01T01:04:57-06:00,2024-12-01T07:04:57+00:00,5099.9
2024-12-01T01:09:57-06:00,2024-12-01T07:09:57+00:00,5101.1
2024-12-01T01:14:57-06:00,2024-12-01T07:14:57+00:00,5101.1
2024-12-01T01:19:57-06:00,2024-12-01T07:19:57+00:00,5099.6
2024-12-01T01:24:57-06:00,2024-12-01T07:24:57+00:00,5101.0
2024-12-01T01:29:57-06:00,2024-12-01T07:29:57+00:00,5098.9
2024-12-01T01:34:57-06:00,2024-12-01T07:34:57+00:00,5100.4
2024-12-01T01:39:57-06:00,2024-12-01T07:39:57+00:00,5100.3
2024-12-01T01:44:57-06:00,2024-12-01T07:44:57+00:00,5100.7
2024-12-01T01:49:57-06:00,2024-12-01T07:49:57+00:00,5101.4
2024-12-01T01:54:57-06:00,2024-12-01T07:54:57+00:00,5101.1
2024-12-01T01:59:57-06:00,2024-12-01T07:59:57+00:00,5101.5
2024-12-01T02:04:57-06:00,2024-12-01T08:04:57+00:00,5103.7
2024-12-01T02:09:57-06:00,2024-12-01T08:09:57+00:00,5100.5
2024-12-01T02:14:57-06:00,2024-12-01T08:14:57+00:00,5100.6
2024-12-01T02:19:57-06:00,2024-12-01T08:19:57+00:00,5098.2
2024-12-01T02:24:57-06:00,2024-12-01T08:24:57+00:00,5101.1
2024-12-01T02:29:57-06:00,2024-12-01T08:29:57+00:00,5104.5
2024-12-01T02:34:57-06:00,2024-12-01T08:34:57+00:00,5099.6
2024-12-01T02:39:57-06:00,2024-12-01T08:39:57+00:00,5101.1
2024-12-01T02:44:57-06:00,2024-12-01T08:44:57+00:00,5099.0
2024-12-01T02:49:57-06:00,2024-12-01T08:49:57+00:00,5099.9
2024-12-01T02:54:57-06:00,2024-12-01T08:54:57+00:00,5101.6
2024-12-01T02:59:57-06:00,2024-12-01T08:59:57+00:00,5100.2
2024-12-01T03:04:57-06:00,2024-12-01T09:04:57+00:00,5100.8
2024-12-01T03:09:57-06:00,2024-12-01T09:09:57+00:00,5101.2
2024-12-01T03:14:57-06:00,2024-12-01T09:14:57+00:00,5100.8
2024-12-01T03:19:57-06:00,2024-12-01T09:19:57+00:00,5099.3
2024-12-01T03:24:57-06:00,2024-12-01T09:24:57+00:00,5101.8
2024-12-01T03:29:57-06:00,2024-12-01T09:29:57+00:00,5097.9
2024-12-01T03:34:57-06:00,2024-12-01T09:34:57+00:00,5099.5
2024-12-01T03:39:57-06:00,2024-12-01T09:39:57+00:00,5099.7
2024-12-01T03:44:57-06:00,2024-12-01T09:44:57+00:00,5100.0
2024-12-01T03:49:57-06:00,2024-12-01T09:49:57+00:00,5100.9
2024-12-01T03:54:57-06:00,2024-12-01T09:54:57+00:00,5099.1
2024-12-01T03:59:57-06:00,2024-12-01T09:59:57+00:00,5099.0
2024-12-01T04:04:57-06:00,2024-12-01T10:04:57+00:00,5101.2
2024-12-01T04:09:57-06:00,2024-12-01T10:09:57+00:00,5101.3
2024-12-01T04:14:57-06:00,2024-12-01T10:14:57+00:00,5100.3
2024-12-01T04:19:57-06:00,2024-12-01T10:19:57+00:00,5101.6
2024-12-01T04:24:57-06:00,2024-12-01T10:24:57+00:00,5102.6
2024-12-01T04:29:57-06:00,2024-12-01T10:29:57+00:00,5101.8
2024-12-01T04:34:57-06:00,2024-12-01T10:34:57+00:00,5102.9
2024-12-01T04:39:57-06:00,2024-12-01T10:39:57+00:00,5102.5
2024-12-01T04:44:57-06:00,2024-12-01T10:44:57+00:00,5100.9
2024-12-01T04:49:57-06:00,2024-12-01T10:49:57+00:00,5101.2
2024-12-01T04:54:57-06:00,2024-12-01T10:54:57+00:00,5098.8
2024-12-01T04:59:57-06:00,2024-12-01T10:59:57+00:00,5095.1
2024-12-01T05:04:57-06:00,2024-12-01T11:04:57+00:00,5098.3
2024-12-01T05:09:57-06:00,2024-12-01T11:09:57+00:00,5096.9
2024-12-01T05:14:57-06:00,2024-12-01T11:14:57+00:00,5097.0
2024-12-01T05:19:57-06:00,2024-12-01T11:19:57+00:00,5095.1
2024-12-01T05:24:57-06:00,2024-12-01T11:24:57+00:00,5095.2
2024-12-01T05:29:57-06:00,2024-12-01T11:29:57+00:00,5095.2
2024-12-01T05:34:57-06:00,2024-12-01T11:34:57+00:00,5096.7
2024-12-01T05:39:57-06:00,2024-12-01T11:39:57+00:00,5096.7
2024-12-01T05:44:57-06:00,2024-12-01T11:44:57+00:00,5096.7
2024-12-01T05:49:57-06:00,2024-12-01T11:49:57+00:00,5095.6
2024-12-01T05:54:57-06:00,2024-12-01T11:54:57+00:00,5097.1
2024-12-01T05:59:57-06:00,2024-12-01T11:59:57+00:00,5096.9
2024-12-01T06:04:57-06:00,2024-12-01T12:04:57+00:00,5096.7
2024-12-01T06:09:57-06:00,2024-12-01T12:09:57+00:00,5095.5
2024-12-01T06:14:57-06:00,2024-12-01T12:14:57+00:00,5096.7
2024-12-01T06:19:57-06:00,2024-12-01T12:19:57+00:00,5097.4
2024-12-01T06:24:57-06:00,2024-12-01T12:24:57+00:00,5095.4
2024-12-01T06:29:57-06:00,2024-12-01T12:29:57+00:00,5095.8
2024-12-01T06:34:57-06:00,2024-12-01T12:34:57+00:00,5096.7
2024-12-01T06:39:57-06:00,2024-12-01T12:39:57+00:00,5097.3
2024-12-01T06:44:57-06:00,2024-12-01T12:44:57+00:00,5098.6
2024-12-01T06:49:57-06:00,2024-12-01T12:49:57+00:00,5094.9
2024-12-01T06:54:57-06:00,2024-12-01T12:54:57+00:00,5098.7
2024-12-01T06:59:57-06:00,2024-12-01T12:59:57+00:00,5097.3
2024-12-01T07:04:57-06:00,2024-12-01T13:04:57+00:00,5095.8
2024-12-01T07:09:57-06:00,2024-12-01T13:09:57+00:00,5094.7
2024-12-01T07:14:57-06:00,2024-12-01T13:14:57+00:00,5096.6
2024-12-01T07:19:57-06:00,2024-12-01T13:19:57+00:00,5096.4
2024-12-01T07:24:57-06:00,2024-12-01T13:24:57+00:00,5097.2
2024-12-01T07:29:57-06:00,2024-12-01T13:29:57+00:00,5097.9
2024-12-01T07:34:57-06:00,2024-12-01T13:34:57+00:00,5098.4
2024-12-01T07:39:57-06:00,2024-12-01T13:39:57+00:00,5096.6
2024-12-01T07:44:57-06:00,2024-12-01T13:44:57+00:00,5097.6
2024-12-01T07:49:57-06:00,2024-12-01T13:49:57+00:00,5098.0
2024-12-01T07:54:57-06:00,2024-12-01T13:54:57+00:00,5097.0
2024-12-01T07:59:57-06:00,2024-12-01T13:59:57+00:00,5095.4
2024-12-01T08:04:57-06:00,2024-12-01T14:04:57+00:00,5096.6
2024-12-01T08:09:57-06:00,2024-12-01T14:09:57+00:00,5096.9
2024-12-01T08:14:57-06:00,2024-12-01T14:14:57+00:00,5101.3
2024-12-01T08:19:57-06:00,2024-12-01T14:19:57+00:00,5096.7
2024-12-01T08:24:57-06:00,2024-12-01T14:24:57+00:00,5097.3
2024-12-01T08:29:57-06:00,2024-12-01T14:29:57+00:00,5098.0
2024-12-01T08:34:57-06:00,2024-12-01T14:34:57+00:00,5097.1
2024-12-01T08:39:57-06:00,2024-12-01T14:39:57+00:00,5099.1
2024-12-01T08:44:57-06:00,2024-12-01T14:44:57+00:00,5098.0
2024-12-01T08:49:57-06:00,2024-12-01T14:49:57+00:00,5097.1
2024-12-01T08:54:57-06:00,2024-12-01T14:54:57+00:00,5095.4
2024-12-01T08:59:57-06:00,2024-12-01T14:59:57+00:00,5095.4
2024-12-01T09:04:57-06:00,2024-12-01T15:04:57+00:00,5096.8
2024-12-01T09:09:57-06:00,2024-12-01T15:09:57+00:00,5096.4
2024-12-01T09:14:57-06:00,2024-12-01T15:14:57+00:00,5095.6
2024-12-01T09:19:57-06:00,2024-12-01T15:19:57+00:00,5097.6
2024-12-01T09:24:57-06:00,2024-12-01T15:24:57+00:00,5094.9
2024-12-01T09:29:57-06:00,2024-12-01T15:29:57+00:00,5099.1
2024-12-01T09:34:57-06:00,2024-12-01T15:34:57+00:00,5099.8
2024-12-01T09:39:57-06:00,2024-12-01T15:39:57+00:00,5096.9
2024-12-01T09:44:57-06:00,2024-12-01T15:44:57+00:00,5099.8
2024-12-01T09:49:57-06:00,2024-12-01T15:49:57+00:00,5096.1
2024-12-01T09:54:57-06:00,2024-12-01T15:54:57+00:00,5096.9
2024-12-01T09:59:57-06:00,2024-12-01T15:59:57+00:00,5098.5
2024-12-01T10:04:57-06:00,2024-12-01T16:04:57+00:00,5100.1
2024-12-01T10:09:57-06:00,2024-12-01T16:09:57+00:00,5096.7
2024-12-01T10:14:57-06:00,2024-12-01T16:14:57+00:00,5097.7
2024-12-01T10:19:57-06:00,2024-12-01T16:19:57+00:00,5096.4
2024-12-01T10:24:57-06:00,2024-12-01T16:24:57+00:00,5096.6
2024-12-01T10:29:57-06:00,2024-12-01T16:29:57+00:00,5097.9
2024-12-01T10:34:57-06:00,2024-12-01T16:34:57+00:00,5099.8
2024-12-01T10:39:57-06:00,2024-12-01T16:39:57+00:00,5098.4
2024-12-01T10:44:57-06:00,2024-12-01T16:44:57+00:00,5095.9
2024-12-01T10:49:57-06:00,2024-12-01T16:49:57+00:00,5094.8
2024-12-01T10:54:57-06:00,2024-12-01T16:54:57+00:00,5097.6
2024-12-01T10:59:57-06:00,2024-12-01T16:59:57+00:00,5096.3
2024-12-01T11:04:57-06:00,2024-12-01T17:04:57+00:00,5096.9
2024-12-01T11:09:57-06:00,2024-12-01T17:09:57+00:00,5095.4
2024-12-01T11:14:57-06:00,2024-12-01T17:14:57+00:00,5098.9
2024-12-01T11:19:57-06:00,2024-12-01T17:19:57+00:00,5095.4
2024-12-01T11:24:57-06:00,2024-12-01T17:24:57+00:00,5097.8
2024-12-01T11:29:57-06:00,2024-12-01T17:29:57+00:00,5094.8
2024-12-01T11:34:57-06:00,2024-12-01T17:34:57+00:00,5097.1
2024-12-01T11:39:57-06:00,2024-12-01T17:39:57+00:00,5095.6
2024-12-01T11:44:57-06:00,2024-12-01T17:44:57+00:00,5097.0
2024-12-01T11:49:57-06:00,2024-12-01T17:49:57+00:00,5094.8
2024-12-01T11:54:57-06:00,2024-12-01T17:54:57+00:00,5097.1
2024-12-01T11:59:57-06:00,2024-12-01T17:59:57+00:00,5096.8
2024-12-01T12:04:57-06:00,2024-12-01T18:04:57+00:00,5094.5
2024-12-01T12:09:57-06:00,2024-12-01T18:09:57+00:00,5095.9
2024-12-01T12:14:57-06:00,2024-12-01T18:14:57+00:00,5099.5
2024-12-01T12:19:57-06:00,2024-12-01T18:19:57+00:00,5096.2
2024-12-01T12:24:57-06:00,2024-12-01T18:24:57+00:00,5096.4
2024-12-01T12:29:57-06:00,2024-12-01T18:29:57+00:00,5096.5
2024-12-01T12:34:57-06:00,2024-12-01T18:34:57+00:00,5094.6
2024-12-01T12:39:57-06:00,2024-12-01T18:39:57+00:00,5095.9
2024-12-01T12:44:57-06:00,2024-12-01T18:44:57+00:00,5096.8
2024-12-01T12:49:57-06:00,2024-12-01T18:49:57+00:00,5096.2
2024-12-01T12:54:57-06:00,2024-12-01T18:54:57+00:00,5095.5
2024-12-01T12:59:57-06:00,2024-12-01T18:59:57+00:00,5096.5
2024-12-01T13:04:57-06:00,2024-12-01T19:04:57+00:00,5097.6
2024-12-01T13:09:57-06:00,2024-12-01T19:09:57+00:00,5098.5
2024-12-01T13:14:57-06:00,2024-12-01T19:14:57+00:00,5096.3
2024-12-01T13:19:57-06:00,2024-12-01T19:19:57+00:00,5094.7
2024-12-01T13:24:57-06:00,2024-12-01T19:24:57+00:00,5096.8
2024-12-01T13:29:57-06:00,2024-12-01T19:29:57+00:00,5097.1
2024-12-01T13:34:57-06:00,2024-12-01T19:34:57+00:00,5096.5
2024-12-01T13:39:57-06:00,2024-12-01T19:39:57+00:00,5094.4
2024-12-01T13:44:57-06:00,2024-12-01T19:44:57+00:00,5095.3
2024-12-01T13:49:57-06:00,2024-12-01T19:49:57+00:00,5094.7
2024-12-01T13:54:57-06:00,2024-12-01T19:54:57+00:00,5095.4
2024-12-01T13:59:57-06:00,2024-12-01T19:59:57+00:00,5093.9
2024-12-01T14:04:57-06:00,2024-12-01T20:04:57+00:00,5097.3
2024-12-01T14:09:57-06:00,2024-12-01T20:09:57+00:00,5096.5
2024-12-01T14:14:57-06:00,2024-12-01T20:14:57+00:00,5095.6
2024-12-01T14:19:57-06:00,2024-12-01T20:19:57+00:00,5094.2
2024-12-01T14:24:57-06:00,2024-12-01T20:24:57+00:00,5096.2
2024-12-01T14:29:57-06:00,2024-12-01T20:29:57+00:00,5096.5
2024-12-01T14:34:57-06:00,2024-12-01T20:34:57+00:00,5098.3
2024-12-01T14:39:57-06:00,2024-12-01T20:39:57+00:00,5096.9
2024-12-01T14:44:57-06:00,2024-12-01T20:44:57+00:00,5095.0
2024-12-01T14:49:57-06:00,2024-12-01T20:49:57+00:00,5096.4
2024-12-01T14:54:57-06:00,2024-12-01T20:54:57+00:00,5095.9
2024-12-01T14:59:57-06:00,2024-12-01T20:59:57+00:00,5095.9
2024-12-01T15:04:57-06:00,2024-12-01T21:04:57+00:00,5097.1
2024-12-01T15:09:57-06:00,2024-12-01T21:09:57+00:00,5095.7
2024-12-01T15:14:57-06:00,2024-12-01T21:14:57+00:00,5096.3
2024-12-01T15:19:57-06:00,2024-12-01T21:19:57+00:00,5094.6
2024-12-01T15:24:57-06:00,2024-12-01T21:24:57+00:00,5095.2
2024-12-01T15:29:57-06:00,2024-12-01T21:29:57+00:00,5095.0
2024-12-01T15:34:57-06:00,2024-12-01T21:34:57+00:00,5092.9
2024-12-01T15:39:57-06:00,2024-12-01T21:39:57+00:00,5096.2
2024-12-01T15:44:57-06:00,2024-12-01T21:44:57+00:00,5093.1
2024-12-01T15:49:57-06:00,2024-12-01T21:49:57+00:00,5094.1
2024-12-01T15:54:57-06:00,2024-12-01T21:54:57+00:00,5093.7
2024-12-01T15:59:57-06:00,2024-12-01T21:59:57+00:00,5094.4
2024-12-01T16:04:57-06:00,2024-12-01T22:04:57+00:00,5094.5
2024-12-01T16:09:57-06:00,2024-12-01T22:09:57+00:00,5094.3
2024-12-01T16:14:57-06:00,2024-12-01T22:14:57+00:00,5094.9
2024-12-01T16:19:57-06:00,2024-12-01T22:19:57+00:00,5095.3
2024-12-01T16:24:57-06:00,2024-12-01T22:24:57+00:00,5095.8
2024-12-01T16:29:57-06:00,2024-12-01T22:29:57+00:00,5093.3
2024-12-01T16:34:57-06:00,2024-12-01T22:34:57+00:00,5091.6
2024-12-01T16:39:57-06:00,2024-12-01T22:39:57+00:00,5095.0
2024-12-01T16:44:57-06:00,2024-12-01T22:44:57+00:00,5095.4
2024-12-01T16:49:57-06:00,2024-12-01T22:49:57+00:00,5093.8
2024-12-01T16:54:57-06:00,2024-12-01T22:54:57+00:00,5095.1
2024-12-01T16:59:57-06:00,2024-12-01T22:59:57+00:00,5094.9
2024-12-01T17:04:57-06:00,2024-12-01T23:04:57+00:00,5094.8
2024-12-01T17:09:57-06:00,2024-12-01T23:09:57+00:00,5096.5
2024-12-01T17:14:57-06:00,2024-12-01T23:14:57+00:00,5093.3
2024-12-01T17:19:57-06:00,2024-12-01T23:19:57+00:00,5093.7
2024-12-01T17:24:57-06:00,2024-12-01T23:24:57+00:00,5094.6
2024-12-01T17:29:57-06:00,2024-12-01T23:29:57+00:00,5093.1
2024-12-01T17:34:57-06:00,2024-12-01T23:34:57+00:00,5094.3
2024-12-01T17:39:57-06:00,2024-12-01T23:39:57+00:00,5094.7
2024-12-01T17:44:57-06:00,2024-12-01T23:44:57+00:00,5093.8
2024-12-01T17:49:57-06:00,2024-12-01T23:49:57+00:00,5096.4
2024-12-01T17:54:57-06:00,2024-12-01T23:54:57+00:00,5095.1
2024-12-01T17:59:57-06:00,2024-12-01T23:59:57+00:00,5094.7
2024-12-01T18:04:57-06:00,2024-12-02T00:04:57+00:00,5094.3
2024-12-01T18:09:57-06:00,2024-12-02T00:09:57+00:00,5093.1
2024-12-01T18:14:57-06:00,2024-12-02T00:14:57+00:00,5093.3
2024-12-01T18:19:57-06:00,2024-12-02T00:19:57+00:00,5095.5
2024-12-01T18:24:57-06:00,2024-12-02T00:24:57+00:00,5097.3
2024-12-01T18:29:57-06:00,2024-12-02T00:29:57+00:00,5096.3
2024-12-01T18:34:57-06:00,2024-12-02T00:34:57+00:00,5095.0
2024-12-01T18:39:57-06:00,2024-12-02T00:39:57+00:00,5096.4
2024-12-01T18:44:57-06:00,2024-12-02T00:44:57+00:00,5095.6
2024-12-01T18:49:57-06:00,2024-12-02T00:49:57+00:00,5095.5
2024-12-01T18:54:57-06:00,2024-12-02T00:54:57+00:00,5094.8
2024-12-01T18:59:57-06:00,2024-12-02T00:59:57+00:00,5093.4
2024-12-01T19:04:57-06:00,2024-12-02T01:04:57+00:00,5095.2
2024-12-01T19:09:57-06:00,2024-12-02T01:09:57+00:00,5093.5
2024-12-01T19:14:57-06:00,2024-12-02T01:14:57+00:00,5092.5
2024-12-01T19:19:57-06:00,2024-12-02T01:19:57+00:00,5093.7
2024-12-01T19:24:57-06:00,2024-12-02T01:24:57+00:00,5094.4
2024-12-01T19:29:57-06:00,2024-12-02T01:29:57+00:00,5096.1
2024-12-01T19:34:57-06:00,2024-12-02T01:34:57+00:00,5094.8
2024-12-01T19:39:57-06:00,2024-12-02T01:39:57+00:00,5094.9
2024-12-01T19:44:57-06:00,2024-12-02T01:44:57+00:00,5094.2
2024-12-01T19:49:57-06:00,2024-12-02T01:49:57+00:00,5095.0
2024-12-01T19:54:57-06:00,2024-12-02T01:54:57+00:00,5093.5
2024-12-01T19:59:57-06:00,2024-12-02T01:59:57+00:00,5093.0
2024-12-01T20:04:57-06:00,2024-12-02T02:04:57+00:00,5094.0
2024-12-01T20:09:57-06:00,2024-12-02T02:09:57+00:00,5095.2
2024-12-01T20:14:57-06:00,2024-12-02T02:14:57+00:00,5094.8
2024-12-01T20:19:57-06:00,2024-12-02T02:19:57+00:00,5093.7
2024-12-01T20:24:57-06:00,2024-12-02T02:24:57+00:00,5095.4
2024-12-01T20:29:57-06:00,2024-12-02T02:29:57+00:00,5095.2
2024-12-01T20:34:57-06:00,2024-12-02T02:34:57+00:00,5094.9
2024-12-01T20:39:57-06:00,2024-12-02T02:39:57+00:00,5095.1
2024-12-01T20:44:57-06:00,2024-12-02T02:44:57+00:00,5093.6
2024-12-01T20:49:57-06:00,2024-12-02T02:49:57+00:00,5095.6
2024-12-01T20:54:57-06:00,2024-12-02T02:54:57+00:00,5096.0
2024-12-01T20:59:57-06:00,2024-12-02T02:59:57+00:00,5094.1
2024-12-01T21:04:57-06:00,2024-12-02T03:04:57+00:00,5097.1
2024-12-01T21:09:57-06:00,2024-12-02T03:09:57+00:00,5096.3
2024-12-01T21:14:57-06:00,2024-12-02T03:14:57+00:00,5095.5
2024-12-01T21:19:57-06:00,2024-12-02T03:19:57+00:00,5095.8
2024-12-01T21:24:57-06:00,2024-12-02T03:24:57+00:00,5097.2
2024-12-01T21:29:57-06:00,2024-12-02T03:29:57+00:00,5094.7
2024-12-01T21:34:57-06:00,2024-12-02T03:34:57+00:00,5096.2
2024-12-01T21:39:57-06:00,2024-12-02T03:39:57+00:00,5094.6
2024-12-01T21:44:57-06:00,2024-12-02T03:44:57+00:00,5094.2
2024-12-01T21:49:57-06:00,2024-12-02T03:49:57+00:00,5094.8
2024-12-01T21:54:57-06:00,2024-12-02T03:54:57+00:00,5093.6
2024-12-01T21:59:57-06:00,2024-12-02T03:59:57+00:00,5096.5
2024-12-01T22:04:57-06:00,2024-12-02T04:04:57+00:00,5094.8
2024-12-01T22:09:57-06:00,2024-12-02T04:09:57+00:00,5095.9
2024-12-01T22:14:57-06:00,2024-12-02T04:14:57+00:00,5094.9
2024-12-01T22:19:57-06:00,2024-12-02T04:19:57+00:00,5095.6
2024-12-01T22:24:57-06:00,2024-12-02T04:24:57+00:00,5090.8
2024-12-01T22:29:57-06:00,2024-12-02T04:29:57+00:00,5086.4
2024-12-01T22:34:57-06:00,2024-12-02T04:34:57+00:00,5086.4
2024-12-01T22:39:57-06:00,2024-12-02T04:39:57+00:00,5086.2
2024-12-01T22:44:57-06:00,2024-12-02T04:44:57+00:00,5085.6
2024-12-01T22:49:57-06:00,2024-12-02T04:49:57+00:00,5088.3
2024-12-01T22:54:57-06:00,2024-12-02T04:54:57+00:00,5089.4
2024-12-01T22:59:57-06:00,2024-12-02T04:59:57+00:00,5087.9
2024-12-01T23:04:57-06:00,2024-12-02T05:04:57+00:00,5088.4
2024-12-01T23:09:57-06:00,2024-12-02T05:09:57+00:00,5086.0
2024-12-01T23:14:57-06:00,2024-12-02T05:14:57+00:00,5088.6
2024-12-01T23:19:57-06:00,2024-12-02T05:19:57+00:00,5088.9
2024-12-01T23:24:57-06:00,2024-12-02T05:24:57+00:00,5088.1
2024-12-01T23:29:57-06:00,2024-12-02T05:29:57+00:00,5089.6
2024-12-01T23:34:57-06:00,2024-12-02T05:34:57+00:00,5088.5
2024-12-01T23:39:57-06:00,2024-12-02T05:39:57+00:00,5090.2
2024-12-01T23:44:57-06:00,2024-12-02T05:44:57+00:00,5089.7
2024-12-01T23:49:57-06:00,2024-12-02T05:49:57+00:00,5089.0
2024-12-01T23:54:57-06:00,2024-12-02T05:54:57+00:00,5089.4
2024-12-01T23:59:57-06:00,2024-12-02T05:59:57+00:00,5088.8
2024-12-02T00:04:57-06:00,2024-12-02T06:04:57+00:00,5088.9
2024-12-02T00:09:57-06:00,2024-12-02T06:09:57+00:00,5086.2
2024-12-02T00:14:57-06:00,2024-12-02T06:14:57+00:00,5087.7
2024-12-02T00:19:57-06:00,2024-12-02T06:19:57+00:00,5089.0
2024-12-02T00:24:57-06:00,2024-12-02T06:24:57+00:00,5089.2
2024-12-02T00:29:57-06:00,2024-12-02T06:29:57+00:00,5088.4
2024-12-02T00:34:57-06:00,2024-12-02T06:34:57+00:00,5087.3
2024-12-02T00:39:57-06:00,2024-12-02T06:39:57+00:00,5087.4
2024-12-02T00:44:57-06:00,2024-12-02T06:44:57+00:00,5087.9
2024-12-02T00:49:57-06:00,2024-12-02T06:49:57+00:00,5087.9
2024-12-02T00:54:57-06:00,2024-12-02T06:54:57+00:00,5088.5
2024-12-02T00:59:57-06:00,2024-12-02T06:59:57+00:00,5088.7
2024-12-02T01:04:57-06:00,2024-12-02T07:04:57+00:00,5087.9
2024-12-02T01:09:57-06:00,2024-12-02T07:09:57+00:00,5090.0
2024-12-02T01:14:57-06:00,2024-12-02T07:14:57+00:00,5087.2
2024-12-02T01:19:57-06:00,2024-12-02T07:19:57+00:00,5087.8
2024-12-02T01:24:57-06:00,2024-12-02T07:24:57+00:00,5089.3
2024-12-02T01:29:57-06:00,2024-12-02T07:29:57+00:00,5087.5
2024-12-02T01:34:57-06:00,2024-12-02T07:34:57+00:00,5088.5
2024-12-02T01:39:57-06:00,2024-12-02T07:39:57+00:00,5087.9
2024-12-02T01:44:57-06:00,2024-12-02T07:44:57+00:00,5086.4
2024-12-02T01:49:57-06:00,2024-12-02T07:49:57+00:00,5088.4
2024-12-02T01:54:57-06:00,2024-12-02T07:54:57+00:00,5088.6
2024-12-02T01:59:57-06:00,2024-12-02T07:59:57+00:00,5088.1
2024-12-02T02:04:57-06:00,2024-12-02T08:04:57+00:00,5087.9
2024-12-02T02:09:57-06:00,2024-12-02T08:09:57+00:00,5088.8
2024-12-02T02:14:57-06:00,2024-12-02T08:14:57+00:00,5085.8
2024-12-02T02:19:57-06:00,2024-12-02T08:19:57+00:00,5086.2
2024-12-02T02:24:57-06:00,2024-12-02T08:24:57+00:00,5082.4
2024-12-02T02:29:57-06:00,2024-12-02T08:29:57+00:00,5080.1
2024-12-02T02:34:57-06:00,2024-12-02T08:34:57+00:00,5076.3
2024-12-02T02:39:57-06:00,2024-12-02T08:39:57+00:00,5076.2
2024-12-02T02:44:57-06:00,2024-12-02T08:44:57+00:00,5078.2
2024-12-02T02:49:57-06:00,2024-12-02T08:49:57+00:00,5077.4
2024-12-02T02:54:57-06:00,2024-12-02T08:54:57+00:00,5077.1
2024-12-02T02:59:57-06:00,2024-12-02T08:59:57+00:00,5077.4
2024-12-02T03:04:57-06:00,2024-12-02T09:04:57+00:00,5078.1
2024-12-02T03:09:57-06:00,2024-12-02T09:09:57+00:00,5076.6
2024-12-02T03:14:57-06:00,2024-12-02T09:14:57+00:00,5077.5
2024-12-02T03:19:57-06:00,2024-12-02T09:19:57+00:00,5077.2
2024-12-02T03:24:57-06:00,2024-12-02T09:24:57+00:00,5076.6
2024-12-02T03:29:57-06:00,2024-12-02T09:29:57+00:00,5078.6
2024-12-02T03:34:57-06:00,2024-12-02T09:34:57+00:00,5077.0
2024-12-02T03:39:57-06:00,2024-12-02T09:39:57+00:00,5077.4
2024-12-02T03:44:57-06:00,2024-12-02T09:44:57+00:00,5075.8
2024-12-02T03:49:57-06:00,2024-12-02T09:49:57+00:00,5077.7
2024-12-02T03:54:57-06:00,2024-12-02T09:54:57+00:00,5080.5
2024-12-02T03:59:57-06:00,2024-12-02T09:59:57+00:00,5075.0
2024-12-02T04:04:57-06:00,2024-12-02T10:04:57+00:00,5076.2
2024-12-02T04:09:57-06:00,2024-12-02T10:09:57+00:00,5076.6
2024-12-02T04:14:57-06:00,2024-12-02T10:14:57+00:00,5078.1
2024-12-02T04:19:57-06:00,2024-12-02T10:19:57+00:00,5077.3
2024-12-02T04:24:57-06:00,2024-12-02T10:24:57+00:00,5077.8
2024-12-02T04:29:57-06:00,2024-12-02T10:29:57+00:00,5077.5
2024-12-02T04:34:57-06:00,2024-12-02T10:34:57+00:00,5076.1
2024-12-02T04:39:57-06:00,2024-12-02T10:39:57+00:00,5078.0
2024-12-02T04:44:57-06:00,2024-12-02T10:44:57+00:00,5076.8
2024-12-02T04:49:57-06:00,2024-12-02T10:49:57+00:00,5076.2
2024-12-02T04:54:57-06:00,2024-12-02T10:54:57+00:00,5079.1
2024-12-02T04:59:57-06:00,2024-12-02T10:59:57+00:00,5076.5
2024-12-02T05:04:57-06:00,2024-12-02T11:04:57+00:00,5077.9
2024-12-02T05:09:57-06:00,2024-12-02T11:09:57+00:00,5074.7
2024-12-02T05:14:57-06:00,2024-12-02T11:14:57+00:00,5077.4
2024-12-02T05:19:57-06:00,2024-12-02T11:19:57+00:00,5079.2
2024-12-02T05:24:57-06:00,2024-12-02T11:24:57+00:00,5078.7
2024-12-02T05:29:57-06:00,2024-12-02T11:29:57+00:00,5077.6
2024-12-02T05:34:57-06:00,2024-12-02T11:34:57+00:00,5077.3
2024-12-02T05:39:57-06:00,2024-12-02T11:39:57+00:00,5077.7
2024-12-02T05:44:57-06:00,2024-12-02T11:44:57+00:00,5079.3
2024-12-02T05:49:57-06:00,2024-12-02T11:49:57+00:00,5077.8
2024-12-02T05:54:57-06:00,2024-12-02T11:54:57+00:00,5076.7
2024-12-02T05:59:57-06:00,2024-12-02T11:59:57+00:00,5078.3
2024-12-02T06:04:57-06:00,2024-12-02T12:04:57+00:00,5078.5
2024-12-02T06:09:57-06:00,2024-12-02T12:09:57+00:00,5076.8
2024-12-02T06:14:57-06:00,2024-12-02T12:14:57+00:00,5076.5
2024-12-02T06:19:57-06:00,2024-12-02T12:19:57+00:00,5078.1
2024-12-02T06:24:57-06:00,2024-12-02T12:24:57+00:00,5079.0
2024-12-02T06:29:57-06:00,2024-12-02T12:29:57+00:00,5076.5
2024-12-02T06:34:57-06:00,2024-12-02T12:34:57+00:00,5078.5
2024-12-02T06:39:57-06:00,2024-12-02T12:39:57+00:00,5078.5
2024-12-02T06:44:57-06:00,2024-12-02T12:44:57+00:00,5079.4
2024-12-02T06:49:57-06:00,2024-12-02T12:49:57+00:00,5078.3
2024-12-02T06:54:57-06:00,2024-12-02T12:54:57+00:00,5078.4
2024-12-02T06:59:57-06:00,2024-12-02T12:59:57+00:00,5078.4
2024-12-02T07:04:57-06:00,2024-12-02T13:04:57+00:00,5077.9
2024-12-02T07:09:57-06:00,2024-12-02T13:09:57+00:00,5077.7
2024-12-02T07:14:57-06:00,2024-12-02T13:14:57+00:00,5077.3
2024-12-02T07:19:57-06:00,2024-12-02T13:19:57+00:00,5078.1
2024-12-02T07:24:57-06:00,2024-12-02T13:24:57+00:00,5077.2
2024-12-02T07:29:57-06:00,2024-12-02T13:29:57+00:00,5078.3
2024-12-02T07:34:57-06:00,2024-12-02T13:34:57+00:00,5078.7
2024-12-02T07:39:57-06:00,2024-12-02T13:39:57+00:00,5076.7
2024-12-02T07:44:57-06:00,2024-12-02T13:44:57+00:00,5078.2
2024-12-02T07:49:57-06:00,2024-12-02T13:49:57+00:00,5076.2
2024-12-02T07:54:57-06:00,2024-12-02T13:54:57+00:00,5074.8
2024-12-02T07:59:57-06:00,2024-12-02T13:59:57+00:00,5077.8
2024-12-02T08:04:57-06:00,2024-12-02T14:04:57+00:00,5076.9
2024-12-02T08:09:57-06:00,2024-12-02T14:09:57+00:00,5077.1
2024-12-02T08:14:57-06:00,2024-12-02T14:14:57+00:00,5078.1
2024-12-02T08:19:57-06:00,2024-12-02T14:19:57+00:00,5078.5
2024-12-02T08:24:57-06:00,2024-12-02T14:24:57+00:00,5076.9
2024-12-02T08:29:57-06:00,2024-12-02T14:29:57+00:00,5075.9
2024-12-02T08:34:57-06:00,2024-12-02T14:34:57+00:00,5076.4
2024-12-02T08:39:57-06:00,2024-12-02T14:39:57+00:00,5075.5
2024-12-02T08:44:57-06:00,2024-12-02T14:44:57+00:00,5078.4
2024-12-02T08:49:57-06:00,2024-12-02T14:49:57+00:00,5079.8
2024-12-02T08:54:57-06:00,2024-12-02T14:54:57+00:00,5078.0
2024-12-02T08:59:57-06:00,2024-12-02T14:59:57+00:00,5076.0
2024-12-02T09:04:57-06:00,2024-12-02T15:04:57+00:00,5079.4
2024-12-02T09:09:57-06:00,2024-12-02T15:09:57+00:00,5077.6
2024-12-02T09:14:57-06:00,2024-12-02T15:14:57+00:00,5077.9
2024-12-02T09:19:57-06:00,2024-12-02T15:19:57+00:00,5076.5
2024-12-02T09:24:57-06:00,2024-12-02T15:24:57+00:00,5078.1
2024-12-02T09:29:57-06:00,2024-12-02T15:29:57+00:00,5078.7
2024-12-02T09:34:57-06:00,2024-12-02T15:34:57+00:00,5077.7
2024-12-02T09:39:57-06:00,2024-12-02T15:39:57+00:00,5078.4
2024-12-02T09:44:57-06:00,2024-12-02T15:44:57+00:00,5078.8
2024-12-02T09:49:57-06:00,2024-12-02T15:49:57+00:00,5080.0
2024-12-02T09:54:57-06:00,2024-12-02T15:54:57+00:00,5077.1
2024-12-02T09:59:57-06:00,2024-12-02T15:59:57+00:00,5076.7
2024-12-02T10:04:57-06:00,2024-12-02T16:04:57+00:00,5076.1
2024-12-02T10:09:57-06:00,2024-12-02T16:09:57+00:00,5077.0
2024-12-02T10:14:57-06:00,2024-12-02T16:14:57+00:00,5076.6
2024-12-02T10:19:57-06:00,2024-12-02T16:19:57+00:00,5078.2
2024-12-02T10:24:57-06:00,2024-12-02T16:24:57+00:00,5078.2
2024-12-02T10:29:57-06:00,2024-12-02T16:29:57+00:00,5075.9
2024-12-02T10:34:57-06:00,2024-12-02T16:34:57+00:00,5076.5
2024-12-02T10:39:57-06:00,2024-12-02T16:39:57+00:00,5079.2
2024-12-02T10:44:57-06:00,2024-12-02T16:44:57+00:00,5079.4
2024-12-02T10:49:57-06:00,2024-12-02T16:49:57+00:00,5078.3
2024-12-02T10:54:57-06:00,2024-12-02T16:54:57+00:00,5078.2
2024-12-02T10:59:57-06:00,2024-12-02T16:59:57+00:00,5079.0
2024-12-02T11:04:57-06:00,2024-12-02T17:04:57+00:00,5078.7
2024-12-02T11:09:57-06:00,2024-12-02T17:09:57+00:00,5078.5
2024-12-02T11:14:57-06:00,2024-12-02T17:14:57+00:00,5078.1
2024-12-02T11:19:57-06:00,2024-12-02T17:19:57+00:00,5080.5
2024-12-02T11:24:57-06:00,2024-12-02T17:24:57+00:00,5079.6
2024-12-02T11:29:57-06:00,2024-12-02T17:29:57+00:00,5077.9
2024-12-02T11:34:57-06:00,2024-12-02T17:34:57+00:00,5077.5
2024-12-02T11:39:57-06:00,2024-12-02T17:39:57+00:00,5075.3
2024-12-02T11:44:57-06:00,2024-12-02T17:44:57+00:00,5078.2
2024-12-02T11:49:57-06:00,2024-12-02T17:49:57+00:00,5078.2
2024-12-02T11:54:57-06:00,2024-12-02T17:54:57+00:00,5078.3
2024-12-02T11:59:57-06:00,2024-12-02T17:59:57+00:00,5075.5
2024-12-02T12:04:57-06:00,2024-12-02T18:04:57+00:00,5078.3
2024-12-02T12:09:57-06:00,2024-12-02T18:09:57+00:00,5077.9
2024-12-02T12:14:57-06:00,2024-12-02T18:14:57+00:00,5076.9
2024-12-02T12:19:57-06:00,2024-12-02T18:19:57+00:00,5076.4
2024-12-02T12:24:57-06:00,2024-12-02T18:24:57+00:00,5078.9
2024-12-02T12:29:57-06:00,2024-12-02T18:29:57+00:00,5086.7
2024-12-02T12:34:57-06:00,2024-12-02T18:34:57+00:00,5086.7
2024-12-02T12:39:57-06:00,2024-12-02T18:39:57+00:00,5087.2
2024-12-02T12:44:57-06:00,2024-12-02T18:44:57+00:00,5090.9
2024-12-02T12:49:57-06:00,2024-12-02T18:49:57+00:00,5086.7
2024-12-02T12:54:57-06:00,2024-12-02T18:54:57+00:00,5089.3
2024-12-02T12:59:57-06:00,2024-12-02T18:59:57+00:00,5088.9
2024-12-02T13:04:57-06:00,2024-12-02T19:04:57+00:00,5090.1
2024-12-02T13:09:57-06:00,2024-12-02T19:09:57+00:00,5088.1
2024-12-02T13:14:57-06:00,2024-12-02T19:14:57+00:00,5089.6
2024-12-02T13:19:57-06:00,2024-12-02T19:19:57+00:00,5089.7
2024-12-02T13:24:57-06:00,2024-12-02T19:24:57+00:00,5089.1
2024-12-02T13:29:57-06:00,2024-12-02T19:29:57+00:00,5087.7
2024-12-02T13:34:57-06:00,2024-12-02T19:34:57+00:00,5089.5
2024-12-02T13:39:57-06:00,2024-12-02T19:39:57+00:00,5086.7
2024-12-02T13:44:57-06:00,2024-12-02T19:44:57+00:00,5087.9
2024-12-02T13:49:57-06:00,2024-12-02T19:49:57+00:00,5085.9
2024-12-02T13:54:57-06:00,2024-12-02T19:54:57+00:00,5088.9
2024-12-02T13:59:57-06:00,2024-12-02T19:59:57+00:00,5087.1
2024-12-02T14:04:57-06:00,2024-12-02T20:04:57+00:00,5088.7
2024-12-02T14:09:57-06:00,2024-12-02T20:09:57+00:00,5087.9
2024-12-02T14:14:57-06:00,2024-12-02T20:14:57+00:00,5087.4
2024-12-02T14:19:57-06:00,2024-12-02T20:19:57+00:00,5089.7
2024-12-02T14:24:57-06:00,2024-12-02T20:24:57+00:00,5086.5
2024-12-02T14:29:57-06:00,2024-12-02T20:29:57+00:00,5087.8
2024-12-02T14:34:57-06:00,2024-12-02T20:34:57+00:00,5085.8
2024-12-02T14:39:57-06:00,2024-12-02T20:39:57+00:00,5088.1
2024-12-02T14:44:57-06:00,2024-12-02T20:44:57+00:00,5086.0
2024-12-02T14:49:57-06:00,2024-12-02T20:49:57+00:00,5085.4
2024-12-02T14:54:57-06:00,2024-12-02T20:54:57+00:00,5085.3
2024-12-02T14:59:57-06:00,2024-12-02T20:59:57+00:00,5087.1
2024-12-02T15:04:57-06:00,2024-12-02T21:04:57+00:00,5087.2
2024-12-02T15:09:57-06:00,2024-12-02T21:09:57+00:00,5087.1
2024-12-02T15:14:57-06:00,2024-12-02T21:14:57+00:00,5085.3
2024-12-02T15:19:57-06:00,2024-12-02T21:19:57+00:00,5085.5
2024-12-02T15:24:57-06:00,2024-12-02T21:24:57+00:00,5087.3
2024-12-02T15:29:57-06:00,2024-12-02T21:29:57+00:00,5088.5
2024-12-02T15:34:57-06:00,2024-12-02T21:34:57+00:00,5087.6
2024-12-02T15:39:57-06:00,2024-12-02T21:39:57+00:00,5087.2
2024-12-02T15:44:57-06:00,2024-12-02T21:44:57+00:00,5086.5
2024-12-02T15:49:57-06:00,2024-12-02T21:49:57+00:00,5087.2
2024-12-02T15:54:57-06:00,2024-12-02T21:54:57+00:00,5086.6
2024-12-02T15:59:57-06:00,2024-12-02T21:59:57+00:00,5087.0
2024-12-02T16:04:57-06:00,2024-12-02T22:04:57+00:00,5088.7
2024-12-02T16:09:57-06:00,2024-12-02T22:09:57+00:00,5085.2
2024-12-02T16:14:57-06:00,2024-12-02T22:14:57+00:00,5087.6
2024-12-02T16:19:57-06:00,2024-12-02T22:19:57+00:00,5086.9
2024-12-02T16:24:57-06:00,2024-12-02T22:24:57+00:00,5087.7
2024-12-02T16:29:57-06:00,2024-12-02T22:29:57+00:00,5088.6
2024-12-02T16:34:57-06:00,2024-12-02T22:34:57+00:00,5088.7
2024-12-02T16:39:57-06:00,2024-12-02T22:39:57+00:00,5088.6
2024-12-02T16:44:57-06:00,2024-12-02T22:44:57+00:00,5087.7
2024-12-02T16:49:57-06:00,2024-12-02T22:49:57+00:00,5087.4
2024-12-02T16:54:57-06:00,2024-12-02T22:54:57+00:00,5089.9
2024-12-02T16:59:57-06:00,2024-12-02T22:59:57+00:00,5089.2
2024-12-02T17:04:57-06:00,2024-12-02T23:04:57+00:00,5087.9
2024-12-02T17:09:57-06:00,2024-12-02T23:09:57+00:00,5088.3
2024-12-02T17:14:57-06:00,2024-12-02T23:14:57+00:00,5089.2
2024-12-02T17:19:57-06:00,2024-12-02T23:19:57+00:00,5089.6
2024-12-02T17:24:57-06:00,2024-12-02T23:24:57+00:00,5087.3
2024-12-02T17:29:57-06:00,2024-12-02T23:29:57+00:00,5085.6
2024-12-02T17:34:57-06:00,2024-12-02T23:34:57+00:00,5089.7
2024-12-02T17:39:57-06:00,2024-12-02T23:39:57+00:00,5086.7
2024-12-02T17:44:57-06:00,2024-12-02T23:44:57+00:00,5088.0
2024-12-02T17:49:57-06:00,2024-12-02T23:49:57+00:00,5087.5
2024-12-02T17:54:57-06:00,2024-12-02T23:54:57+00:00,5086.1
2024-12-02T17:59:57-06:00,2024-12-02T23:59:57+00:00,5088.4
2024-12-02T18:04:57-06:00,2024-12-03T00:04:57+00:00,5086.9
2024-12-02T18:09:57-06:00,2024-12-03T00:09:57+00:00,5089.9
2024-12-02T18:14:57-06:00,2024-12-03T00:14:57+00:00,5088.5
2024-12-02T18:19:57-06:00,2024-12-03T00:19:57+00:00,5087.5
2024-12-02T18:24:57-06:00,2024-12-03T00:24:57+00:00,5088.8
2024-12-02T18:29:57-06:00,2024-12-03T00:29:57+00:00,5089.6
2024-12-02T18:34:57-06:00,2024-12-03T00:34:57+00:00,5089.4
2024-12-02T18:39:57-06:00,2024-12-03T00:39:57+00:00,5087.3
2024-12-02T18:44:57-06:00,2024-12-03T00:44:57+00:00,5089.1
2024-12-02T18:49:57-06:00,2024-12-03T00:49:57+00:00,5088.5
2024-12-02T18:54:57-06:00,2024-12-03T00:54:57+00:00,5088.4
2024-12-02T18:59:57-06:00,2024-12-03T00:59:57+00:00,5087.0
2024-12-02T19:04:57-06:00,2024-12-03T01:04:57+00:00,5086.9
2024-12-02T19:09:57-06:00,2024-12-03T01:09:57+00:00,5088.8
2024-12-02T19:14:57-06:00,2024-12-03T01:14:57+00:00,5085.5
2024-12-02T19:19:57-06:00,2024-12-03T01:19:57+00:00,5088.3
2024-12-02T19:24:57-06:00,2024-12-03T01:24:57+00:00,5086.5
2024-12-02T19:29:57-06:00,2024-12-03T01:29:57+00:00,5088.2
2024-12-02T19:34:57-06:00,2024-12-03T01:34:57+00:00,5087.8
2024-12-02T19:39:57-06:00,2024-12-03T01:39:57+00:00,5088.1
2024-12-02T19:44:57-06:00,2024-12-03T01:44:57+00:00,5086.2
2024-12-02T19:49:57-06:00,2024-12-03T01:49:57+00:00,5088.9
2024-12-02T19:54:57-06:00,2024-12-03T01:54:57+00:00,5087.7
2024-12-02T19:59:57-06:00,2024-12-03T01:59:57+00:00,5086.3
2024-12-02T20:04:57-06:00,2024-12-03T02:04:57+00:00,5087.8
2024-12-02T20:09:57-06:00,2024-12-03T02:09:57+00:00,5087.9
2024-12-02T20:14:57-06:00,2024-12-03T02:14:57+00:00,5088.6
2024-12-02T20:19:57-06:00,2024-12-03T02:19:57+00:00,5086.9
2024-12-02T20:24:57-06:00,2024-12-03T02:24:57+00:00,5085.7
2024-12-02T20:29:57-06:00,2024-12-03T02:29:57+00:00,5086.5
2024-12-02T20:34:57-06:00,2024-12-03T02:34:57+00:00,5087.0
2024-12-02T20:39:57-06:00,2024-12-03T02:39:57+00:00,5088.2
2024-12-02T20:44:57-06:00,2024-12-03T02:44:57+00:00,5089.9
2024-12-02T20:49:57-06:00,2024-12-03T02:49:57+00:00,5088.9
2024-12-02T20:54:57-06:00,2024-12-03T02:54:57+00:00,5086.9
2024-12-02T20:59:57-06:00,2024-12-03T02:59:57+00:00,5087.7
2024-12-02T21:04:57-06:00,2024-12-03T03:04:57+00:00,5087.4
2024-12-02T21:09:57-06:00,2024-12-03T03:09:57+00:00,5089.0
2024-12-02T21:14:57-06:00,2024-12-03T03:14:57+00:00,5087.4
2024-12-02T21:19:57-06:00,2024-12-03T03:19:57+00:00,5088.1
2024-12-02T21:24:57-06:00,2024-12-03T03:24:57+00:00,5088.1
2024-12-02T21:29:57-06:00,2024-12-03T03:29:57+00:00,5088.7
2024-12-02T21:34:57-06:00,2024-12-03T03:34:57+00:00,5089.1
2024-12-02T21:39:57-06:00,2024-12-03T03:39:57+00:00,5090.8
2024-12-02T21:44:57-06:00,2024-12-03T03:44:57+00:00,5087.2
2024-12-02T21:49:57-06:00,2024-12-03T03:49:57+00:00,5087.9
2024-12-02T21:54:57-06:00,2024-12-03T03:54:57+00:00,5088.3
2024-12-02T21:59:57-06:00,2024-12-03T03:59:57+00:00,5087.7
2024-12-02T22:04:57-06:00,2024-12-03T04:04:57+00:00,5088.6
2024-12-02T22:09:57-06:00,2024-12-03T04:09:57+00:00,5089.7
2024-12-02T22:14:57-06:00,2024-12-03T04:14:57+00:00,5089.4
2024-12-02T22:19:57-06:00,2024-12-03T04:19:57+00:00,5088.4
2024-12-02T22:24:57-06:00,2024-12-03T04:24:57+00:00,5090.0
2024-12-02T22:29:57-06:00,2024-12-03T04:29:57+00:00,5090.5
2024-12-02T22:34:57-06:00,2024-12-03T04:34:57+00:00,5090.7
2024-12-02T22:39:57-06:00,2024-12-03T04:39:57+00:00,5090.2
2024-12-02T22:44:57-06:00,2024-12-03T04:44:57+00:00,5089.1
2024-12-02T22:49:57-06:00,2024-12-03T04:49:57+00:00,5088.3
2024-12-02T22:54:57-06:00,2024-12-03T04:54:57+00:00,5087.8
2024-12-02T22:59:57-06:00,2024-12-03T04:59:57+00:00,5087.8
2024-12-02T23:04:57-06:00,2024-12-03T05:04:57+00:00,5088.3
2024-12-02T23:09:57-06:00,2024-12-03T05:09:57+00:00,5088.7
2024-12-02T23:14:57-06:00,2024-12-03T05:14:57+00:00,5088.2
2024-12-02T23:19:57-06:00,2024-12-03T05:19:57+00:00,5088.0
2024-12-02T23:24:57-06:00,2024-12-03T05:24:57+00:00,5087.7
2024-12-02T23:29:57-06:00,2024-12-03T05:29:57+00:00,5088.1
2024-12-02T23:34:57-06:00,2024-12-03T05:34:57+00:00,5087.8
2024-12-02T23:39:57-06:00,2024-12-03T05:39:57+00:00,5089.7
2024-12-02T23:44:57-06:00,2024-12-03T05:44:57+00:00,5087.9
2024-12-02T23:49:57-06:00,2024-12-03T05:49:57+00:00,5087.6
2024-12-02T23:54:57-06:00,2024-12-03T05:54:57+00:00,5087.1
2024-12-02T23:59:57-06:00,2024-12-03T05:59:57+00:00,5087.4
2024-12-03T00:04:57-06:00,2024-12-03T06:04:57+00:00,5089.1
2024-12-03T00:09:57-06:00,2024-12-03T06:09:57+00:00,5089.3
2024-12-03T00:14:57-06:00,2024-12-03T06:14:57+00:00,5089.4
2024-12-03T00:19:57-06:00,2024-12-03T06:19:57+00:00,5089.1
2024-12-03T00:24:57-06:00,2024-12-03T06:24:57+00:00,5090.2
2024-12-03T00:29:57-06:00,2024-12-03T06:29:57+00:00,5088.3
2024-12-03T00:34:57-06:00,2024-12-03T06:34:57+00:00,5087.1
2024-12-03T00:39:57-06:00,2024-12-03T06:39:57+00:00,5089.5
2024-12-03T00:44:57-06:00,2024-12-03T06:44:57+00:00,5090.5
2024-12-03T00:49:57-06:00,2024-12-03T06:49:57+00:00,5088.0
2024-12-03T00:54:57-06:00,2024-12-03T06:54:57+00:00,5086.5
2024-12-03T00:59:57-06:00,2024-12-03T06:59:57+00:00,5087.2
2024-12-03T01:04:57-06:00,2024-12-03T07:04:57+00:00,5089.6
2024-12-03T01:09:57-06:00,2024-12-03T07:09:57+00:00,5088.4
2024-12-03T01:14:57-06:00,2024-12-03T07:14:57+00:00,5089.7
2024-12-03T01:19:57-06:00,2024-12-03T07:19:57+00:00,5090.7
2024-12-03T01:24:57-06:00,2024-12-03T07:24:57+00:00,5088.7
2024-12-03T01:29:57-06:00,2024-12-03T07:29:57+00:00,5090.6
2024-12-03T01:34:57-06:00,2024-12-03T07:34:57+00:00,5088.0
2024-12-03T01:39:57-06:00,2024-12-03T07:39:57+00:00,5088.3
2024-12-03T01:44:57-06:00,2024-12-03T07:44:57+00:00,5087.3
2024-12-03T01:49:57-06:00,2024-12-03T07:49:57+00:00,5089.4
2024-12-03T01:54:57-06:00,2024-12-03T07:54:57+00:00,5089.4
2024-12-03T01:59:57-06:00,2024-12-03T07:59:57+00:00,5090.2
2024-12-03T02:04:57-06:00,2024-12-03T08:04:57+00:00,5089.6
2024-12-03T02:09:57-06:00,2024-12-03T08:09:57+00:00,5089.7
2024-12-03T02:14:57-06:00,2024-12-03T08:14:57+00:00,5089.1
2024-12-03T02:19:57-06:00,2024-12-03T08:19:57+00:00,5091.3
2024-12-03T02:24:57-06:00,2024-12-03T08:24:57+00:00,5089.2
2024-12-03T02:29:57-06:00,2024-12-03T08:29:57+00:00,5091.2
2024-12-03T02:34:57-06:00,2024-12-03T08:34:57+00:00,5090.4
2024-12-03T02:39:57-06:00,2024-12-03T08:39:57+00:00,5089.5
2024-12-03T02:44:57-06:00,2024-12-03T08:44:57+00:00,5089.8
2024-12-03T02:49:57-06:00,2024-12-03T08:49:57+00:00,5088.8
2024-12-03T02:54:57-06:00,2024-12-03T08:54:57+00:00,5089.4
2024-12-03T02:59:57-06:00,2024-12-03T08:59:57+00:00,5090.7
2024-12-03T03:04:57-06:00,2024-12-03T09:04:57+00:00,5089.6
2024-12-03T03:09:57-06:00,2024-12-03T09:09:57+00:00,5089.7
2024-12-03T03:14:57-06:00,2024-12-03T09:14:57+00:00,5090.1
2024-12-03T03:19:57-06:00,2024-12-03T09:19:57+00:00,5089.6
2024-12-03T03:24:57-06:00,2024-12-03T09:24:57+00:00,5089.5
2024-12-03T03:29:57-06:00,2024-12-03T09:29:57+00:00,5090.4
2024-12-03T03:34:57-06:00,2024-12-03T09:34:57+00:00,5090.8
2024-12-03T03:39:57-06:00,2024-12-03T09:39:57+00:00,5091.1
2024-12-03T03:44:57-06:00,2024-12-03T09:44:57+00:00,5090.5
2024-12-03T03:49:57-06:00,2024-12-03T09:49:57+00:00,5089.9
2024-12-03T03:54:57-06:00,2024-12-03T09:54:57+00:00,5089.7
2024-12-03T03:59:57-06:00,2024-12-03T09:59:57+00:00,5091.1
2024-12-03T04:04:57-06:00,2024-12-03T10:04:57+00:00,5090.7
2024-12-03T04:09:57-06:00,2024-12-03T10:09:57+00:00,5090.9
2024-12-03T04:14:57-06:00,2024-12-03T10:14:57+00:00,5092.5
2024-12-03T04:19:57-06:00,2024-12-03T10:19:57+00:00,5090.8
2024-12-03T04:24:57-06:00,2024-12-03T10:24:57+00:00,5089.8
2024-12-03T04:29:57-06:00,2024-12-03T10:29:57+00:00,5090.5
2024-12-03T04:34:57-06:00,2024-12-03T10:34:57+00:00,5090.2
2024-12-03T04:39:57-06:00,2024-12-03T10:39:57+00:00,5092.2
2024-12-03T04:44:57-06:00,2024-12-03T10:44:57+00:00,5091.2
2024-12-03T04:49:57-06:00,2024-12-03T10:49:57+00:00,5088.0
2024-12-03T04:54:57-06:00,2024-12-03T10:54:57+00:00,5089.3
2024-12-03T04:59:57-06:00,2024-12-03T10:59:57+00:00,5088.3
2024-12-03T05:04:57-06:00,2024-12-03T11:04:57+00:00,5090.2
2024-12-03T05:09:57-06:00,2024-12-03T11:09:57+00:00,5090.5
2024-12-03T05:14:57-06:00,2024-12-03T11:14:57+00:00,5090.7
2024-12-03T05:19:57-06:00,2024-12-03T11:19:57+00:00,5090.2
2024-12-03T05:24:57-06:00,2024-12-03T11:24:57+00:00,5091.8
2024-12-03T05:29:57-06:00,2024-12-03T11:29:57+00:00,5091.1
2024-12-03T05:34:57-06:00,2024-12-03T11:34:57+00:00,5091.7
2024-12-03T05:39:57-06:00,2024-12-03T11:39:57+00:00,5089.9
2024-12-03T05:44:57-06:00,2024-12-03T11:44:57+00:00,5092.0
2024-12-03T05:49:57-06:00,2024-12-03T11:49:57+00:00,5091.6
2024-12-03T05:54:57-06:00,2024-12-03T11:54:57+00:00,5092.2
2024-12-03T05:59:57-06:00,2024-12-03T11:59:57+00:00,5091.3
2024-12-03T06:04:57-06:00,2024-12-03T12:04:57+00:00,5090.9
2024-12-03T06:09:57-06:00,2024-12-03T12:09:57+00:00,5092.5
2024-12-03T06:14:57-06:00,2024-12-03T12:14:57+00:00,5090.9
2024-12-03T06:19:57-06:00,2024-12-03T12:19:57+00:00,5092.4
2024-12-03T06:24:57-06:00,2024-12-03T12:24:57+00:00,5089.5
2024-12-03T06:29:57-06:00,2024-12-03T12:29:57+00:00,5090.5
2024-12-03T06:34:57-06:00,2024-12-03T12:34:57+00:00,5090.6
2024-12-03T06:39:57-06:00,2024-12-03T12:39:57+00:00,5089.8
2024-12-03T06:44:57-06:00,2024-12-03T12:44:57+00:00,5091.3
2024-12-03T06:49:57-06:00,2024-12-03T12:49:57+00:00,5091.3
2024-12-03T06:54:57-06:00,2024-12-03T12:54:57+00:00,5091.2
2024-12-03T06:59:57-06:00,2024-12-03T12:59:57+00:00,5090.3
2024-12-03T07:04:57-06:00,2024-12-03T13:04:57+00:00,5090.8
2024-12-03T07:09:57-06:00,2024-12-03T13:09:57+00:00,5091.7
2024-12-03T07:14:57-06:00,2024-12-03T13:14:57+00:00,5089.5
2024-12-03T07:19:57-06:00,2024-12-03T13:19:57+00:00,5091.1
2024-12-03T07:24:57-06:00,2024-12-03T13:24:57+00:00,5090.5
2024-12-03T07:29:57-06:00,2024-12-03T13:29:57+00:00,5090.1
2024-12-03T07:34:57-06:00,2024-12-03T13:34:57+00:00,5092.4
2024-12-03T07:39:57-06:00,2024-12-03T13:39:57+00:00,5090.8
2024-12-03T07:44:57-06:00,2024-12-03T13:44:57+00:00,5093.4
2024-12-03T07:49:57-06:00,2024-12-03T13:49:57+00:00,5091.7
2024-12-03T07:54:57-06:00,2024-12-03T13:54:57+00:00,5090.8
2024-12-03T07:59:57-06:00,2024-12-03T13:59:57+00:00,5092.6
2024-12-03T08:04:57-06:00,2024-12-03T14:04:57+00:00,5090.7
2024-12-03T08:09:57-06:00,2024-12-03T14:09:57+00:00,5092.5
2024-12-03T08:14:57-06:00,2024-12-03T14:14:57+00:00,5090.2
2024-12-03T08:19:57-06:00,2024-12-03T14:19:57+00:00,5090.7
2024-12-03T08:24:57-06:00,2024-12-03T14:24:57+00:00,5092.0
2024-12-03T08:29:57-06:00,2024-12-03T14:29:57+00:00,5091.5
2024-12-03T08:34:57-06:00,2024-12-03T14:34:57+00:00,5091.9
2024-12-03T08:39:57-06:00,2024-12-03T14:39:57+00:00,5094.4
2024-12-03T08:44:57-06:00,2024-12-03T14:44:57+00:00,5092.5
2024-12-03T08:49:57-06:00,2024-12-03T14:49:57+00:00,5090.4
2024-12-03T08:54:57-06:00,2024-12-03T14:54:57+00:00,5092.6
2024-12-03T08:59:57-06:00,2024-12-03T14:59:57+00:00,5091.5
2024-12-03T09:04:57-06:00,2024-12-03T15:04:57+00:00,5091.2
2024-12-03T09:09:57-06:00,2024-12-03T15:09:57+00:00,5093.0
2024-12-03T09:14:57-06:00,2024-12-03T15:14:57+00:00,5092.6
2024-12-03T09:19:57-06:00,2024-12-03T15:19:57+00:00,5091.2
2024-12-03T09:24:57-06:00,2024-12-03T15:24:57+00:00,5091.0
2024-12-03T09:29:57-06:00,2024-12-03T15:29:57+00:00,5090.8
2024-12-03T09:34:57-06:00,2024-12-03T15:34:57+00:00,5091.9
2024-12-03T09:39:57-06:00,2024-12-03T15:39:57+00:00,5092.4
2024-12-03T09:44:57-06:00,2024-12-03T15:44:57+00:00,5091.8
2024-12-03T09:49:57-06:00,2024-12-03T15:49:57+00:00,5092.4
2024-12-03T09:54:57-06:00,2024-12-03T15:54:57+00:00,5092.5
2024-12-03T09:59:57-06:00,2024-12-03T15:59:57+00:00,5091.3
2024-12-03T10:04:57-06:00,2024-12-03T16:04:57+00:00,5090.6
2024-12-03T10:09:57-06:00,2024-12-03T16:09:57+00:00,5092.6
2024-12-03T10:14:57-06:00,2024-12-03T16:14:57+00:00,5093.5
2024-12-03T10:19:57-06:00,2024-12-03T16:19:57+00:00,5092.4
2024-12-03T10:24:57-06:00,2024-12-03T16:24:57+00:00,5092.2
2024-12-03T10:29:57-06:00,2024-12-03T16:29:57+00:00,5091.7
2024-12-03T10:34:57-06:00,2024-12-03T16:34:57+00:00,5091.2
2024-12-03T10:39:57-06:00,2024-12-03T16:39:57+00:00,5091.0
2024-12-03T10:44:57-06:00,2024-12-03T16:44:57+00:00,5090.3
2024-12-03T10:49:57-06:00,2024-12-03T16:49:57+00:00,5089.7
2024-12-03T10:54:57-06:00,2024-12-03T16:54:57+00:00,5093.0
2024-12-03T10:59:57-06:00,2024-12-03T16:59:57+00:00,5092.5
2024-12-03T11:04:57-06:00,2024-12-03T17:04:57+00:00,5092.1
2024-12-03T11:09:57-06:00,2024-12-03T17:09:57+00:00,5094.7
2024-12-03T11:14:57-06:00,2024-12-03T17:14:57+00:00,5095.4
2024-12-03T11:19:57-06:00,2024-12-03T17:19:57+00:00,5097.1
2024-12-03T11:24:57-06:00,2024-12-03T17:24:57+00:00,5096.7
2024-12-03T11:29:57-06:00,2024-12-03T17:29:57+00:00,5096.4
2024-12-03T11:34:57-06:00,2024-12-03T17:34:57+00:00,5096.9
2024-12-03T11:39:57-06:00,2024-12-03T17:39:57+00:00,5095.8
2024-12-03T11:44:57-06:00,2024-12-03T17:44:57+00:00,5098.6
2024-12-03T11:49:57-06:00,2024-12-03T17:49:57+00:00,5097.5
2024-12-03T11:54:57-06:00,2024-12-03T17:54:57+00:00,5098.6
2024-12-03T11:59:57-06:00,2024-12-03T17:59:57+00:00,5100.1
2024-12-03T12:04:57-06:00,2024-12-03T18:04:57+00:00,5099.5
2024-12-03T12:09:57-06:00,2024-12-03T18:09:57+00:00,5099.9
2024-12-03T12:14:57-06:00,2024-12-03T18:14:57+00:00,5099.4
2024-12-03T12:19:57-06:00,2024-12-03T18:19:57+00:00,5099.9
2024-12-03T12:24:57-06:00,2024-12-03T18:24:57+00:00,5103.0
2024-12-03T12:29:57-06:00,2024-12-03T18:29:57+00:00,5101.7
2024-12-03T12:34:57-06:00,2024-12-03T18:34:57+00:00,5102.2
2024-12-03T12:39:57-06:00,2024-12-03T18:39:57+00:00,5101.3
2024-12-03T12:44:57-06:00,2024-12-03T18:44:57+00:00,5102.0
2024-12-03T12:49:57-06:00,2024-12-03T18:49:57+00:00,5102.8
2024-12-03T12:54:57-06:00,2024-12-03T18:54:57+00:00,5102.3
2024-12-03T12:59:57-06:00,2024-12-03T18:59:57+00:00,5101.3
2024-12-03T13:04:57-06:00,2024-12-03T19:04:57+00:00,5101.0
2024-12-03T13:09:57-06:00,2024-12-03T19:09:57+00:00,5101.5
2024-12-03T13:14:57-06:00,2024-12-03T19:14:57+00:00,5101.7
2024-12-03T13:19:57-06:00,2024-12-03T19:19:57+00:00,5102.2
2024-12-03T13:24:57-06:00,2024-12-03T19:24:57+00:00,5101.2
2024-12-03T13:29:57-06:00,2024-12-03T19:29:57+00:00,5102.2
2024-12-03T13:34:57-06:00,2024-12-03T19:34:57+00:00,5101.6
2024-12-03T13:39:57-06:00,2024-12-03T19:39:57+00:00,5104.0
2024-12-03T13:44:57-06:00,2024-12-03T19:44:57+00:00,5104.5
2024-12-03T13:49:57-06:00,2024-12-03T19:49:57+00:00,5102.2
2024-12-03T13:54:57-06:00,2024-12-03T19:54:57+00:00,5103.6
2024-12-03T13:59:57-06:00,2024-12-03T19:59:57+00:00,5102.2
2024-12-03T14:04:57-06:00,2024-12-03T20:04:57+00:00,5102.2
2024-12-03T14:09:57-06:00,2024-12-03T20:09:57+00:00,5100.0
2024-12-03T14:14:57-06:00,2024-12-03T20:14:57+00:00,5101.6
2024-12-03T14:19:57-06:00,2024-12-03T20:19:57+00:00,5102.2
2024-12-03T14:24:57-06:00,2024-12-03T20:24:57+00:00,5103.2
2024-12-03T14:29:57-06:00,2024-12-03T20:29:57+00:00,5101.6
2024-12-03T14:34:57-06:00,2024-12-03T20:34:57+00:00,5101.0
2024-12-03T14:39:57-06:00,2024-12-03T20:39:57+00:00,5102.9
2024-12-03T14:44:57-06:00,2024-12-03T20:44:57+00:00,5103.3
2024-12-03T14:49:57-06:00,2024-12-03T20:49:57+00:00,5101.1
2024-12-03T14:54:57-06:00,2024-12-03T20:54:57+00:00,5102.3
2024-12-03T14:59:57-06:00,2024-12-03T20:59:57+00:00,5102.4
2024-12-03T15:04:57-06:00,2024-12-03T21:04:57+00:00,5102.8
2024-12-03T15:09:57-06:00,2024-12-03T21:09:57+00:00,5101.0
2024-12-03T15:14:57-06:00,2024-12-03T21:14:57+00:00,5102.2
2024-12-03T15:19:57-06:00,2024-12-03T21:19:57+00:00,5103.1
2024-12-03T15:24:57-06:00,2024-12-03T21:24:57+00:00,5102.0
2024-12-03T15:29:57-06:00,2024-12-03T21:29:57+00:00,5099.3
2024-12-03T15:34:57-06:00,2024-12-03T21:34:57+00:00,5101.6
2024-12-03T15:39:57-06:00,2024-12-03T21:39:57+00:00,5100.3
2024-12-03T15:44:57-06:00,2024-12-03T21:44:57+00:00,5101.5
2024-12-03T15:49:57-06:00,2024-12-03T21:49:57+00:00,5099.7
2024-12-03T15:54:57-06:00,2024-12-03T21:54:57+00:00,5099.3
2024-12-03T15:59:57-06:00,2024-12-03T21:59:57+00:00,5101.2
2024-12-03T16:04:57-06:00,2024-12-03T22:04:57+00:00,5100.6
2024-12-03T16:09:57-06:00,2024-12-03T22:09:57+00:00,5101.1
2024-12-03T16:14:57-06:00,2024-12-03T22:14:57+00:00,5100.5
2024-12-03T16:19:57-06:00,2024-12-03T22:19:57+00:00,5102.1
2024-12-03T16:24:57-06:00,2024-12-03T22:24:57+00:00,5100.9
2024-12-03T16:29:57-06:00,2024-12-03T22:29:57+00:00,5100.9
2024-12-03T16:34:57-06:00,2024-12-03T22:34:57+00:00,5100.2
2024-12-03T16:39:57-06:00,2024-12-03T22:39:57+00:00,5102.4
2024-12-03T16:44:57-06:00,2024-12-03T22:44:57+00:00,5103.7
2024-12-03T16:49:57-06:00,2024-12-03T22:49:57+00:00,5101.2
2024-12-03T16:54:57-06:00,2024-12-03T22:54:57+00:00,5102.5
2024-12-03T16:59:57-06:00,2024-12-03T22:59:57+00:00,5100.4
2024-12-03T17:04:57-06:00,2024-12-03T23:04:57+00:00,5102.6
2024-12-03T17:09:57-06:00,2024-12-03T23:09:57+00:00,5101.3
2024-12-03T17:14:57-06:00,2024-12-03T23:14:57+00:00,5102.1
2024-12-03T17:19:57-06:00,2024-12-03T23:19:57+00:00,5102.0
2024-12-03T17:24:57-06:00,2024-12-03T23:24:57+00:00,5101.1
2024-12-03T17:29:57-06:00,2024-12-03T23:29:57+00:00,5102.5
2024-12-03T17:34:57-06:00,2024-12-03T23:34:57+00:00,5100.3
2024-12-03T17:39:57-06:00,2024-12-03T23:39:57+00:00,5099.9
2024-12-03T17:44:57-06:00,2024-12-03T23:44:57+00:00,5100.5
2024-12-03T17:49:57-06:00,2024-12-03T23:49:57+00:00,5102.2
2024-12-03T17:54:57-06:00,2024-12-03T23:54:57+00:00,5100.7
2024-12-03T17:59:57-06:00,2024-12-03T23:59:57+00:00,5101.6
2024-12-03T18:04:57-06:00,2024-12-04T00:04:57+00:00,5100.0
2024-12-03T18:09:57-06:00,2024-12-04T00:09:57+00:00,5099.2
2024-12-03T18:14:57-06:00,2024-12-04T00:14:57+00:00,5100.8
2024-12-03T18:19:57-06:00,2024-12-04T00:19:57+00:00,5100.4
2024-12-03T18:24:57-06:00,2024-12-04T00:24:57+00:00,5100.6
2024-12-03T18:29:57-06:00,2024-12-04T00:29:57+00:00,5101.0
2024-12-03T18:34:57-06:00,2024-12-04T00:34:57+00:00,5099.7
2024-12-03T18:39:57-06:00,2024-12-04T00:39:57+00:00,5101.4
2024-12-03T18:44:57-06:00,2024-12-04T00:44:57+00:00,5100.0
2024-12-03T18:49:57-06:00,2024-12-04T00:49:57+00:00,5100.7
2024-12-03T18:54:57-06:00,2024-12-04T00:54:57+00:00,5098.6
2024-12-03T18:59:57-06:00,2024-12-04T00:59:57+00:00,5100.7
2024-12-03T19:04:57-06:00,2024-12-04T01:04:57+00:00,5099.1
2024-12-03T19:09:57-06:00,2024-12-04T01:09:57+00:00,5101.4
2024-12-03T19:14:57-06:00,2024-12-04T01:14:57+00:00,5100.2
2024-12-03T19:19:57-06:00,2024-12-04T01:19:57+00:00,5102.2
2024-12-03T19:24:57-06:00,2024-12-04T01:24:57+00:00,5101.9
2024-12-03T19:29:57-06:00,2024-12-04T01:29:57+00:00,5102.4
2024-12-03T19:34:57-06:00,2024-12-04T01:34:57+00:00,5100.2
2024-12-03T19:39:57-06:00,2024-12-04T01:39:57+00:00,5101.0
2024-12-03T19:44:57-06:00,2024-12-04T01:44:57+00:00,5099.8
2024-12-03T19:49:57-06:00,2024-12-04T01:49:57+00:00,5100.2
2024-12-03T19:54:57-06:00,2024-12-04T01:54:57+00:00,5098.2
2024-12-03T19:59:57-06:00,2024-12-04T01:59:57+00:00,5100.9
2024-12-03T20:04:57-06:00,2024-12-04T02:04:57+00:00,5100.0
2024-12-03T20:09:57-06:00,2024-12-04T02:09:57+00:00,5100.0
2024-12-03T20:14:57-06:00,2024-12-04T02:14:57+00:00,5101.6
2024-12-03T20:19:57-06:00,2024-12-04T02:19:57+00:00,5100.8
2024-12-03T20:24:57-06:00,2024-12-04T02:24:57+00:00,5100.2
2024-12-03T20:29:57-06:00,2024-12-04T02:29:57+00:00,5101.9
2024-12-03T20:34:57-06:00,2024-12-04T02:34:57+00:00,5101.6
2024-12-03T20:39:57-06:00,2024-12-04T02:39:57+00:00,5101.9
2024-12-03T20:44:57-06:00,2024-12-04T02:44:57+00:00,5101.6
2024-12-03T20:49:57-06:00,2024-12-04T02:49:57+00:00,5099.8
2024-12-03T20:54:57-06:00,2024-12-04T02:54:57+00:00,5100.1
2024-12-03T20:59:57-06:00,2024-12-04T02:59:57+00:00,5099.9
2024-12-03T21:04:57-06:00,2024-12-04T03:04:57+00:00,5101.2
2024-12-03T21:09:57-06:00,2024-12-04T03:09:57+00:00,5102.7
2024-12-03T21:14:57-06:00,2024-12-04T03:14:57+00:00,5102.1
2024-12-03T21:19:57-06:00,2024-12-04T03:19:57+00:00,5101.3
2024-12-03T21:24:57-06:00,2024-12-04T03:24:57+00:00,5103.3
2024-12-03T21:29:57-06:00,2024-12-04T03:29:57+00:00,5100.9
2024-12-03T21:34:57-06:00,2024-12-04T03:34:57+00:00,5101.9
2024-12-03T21:39:57-06:00,2024-12-04T03:39:57+00:00,5102.1
2024-12-03T21:44:57-06:00,2024-12-04T03:44:57+00:00,5103.0
2024-12-03T21:49:57-06:00,2024-12-04T03:49:57+00:00,5099.4
2024-12-03T21:54:57-06:00,2024-12-04T03:54:57+00:00,5101.8
2024-12-03T21:59:57-06:00,2024-12-04T03:59:57+00:00,5101.9
2024-12-03T22:04:57-06:00,2024-12-04T04:04:57+00:00,5101.6
2024-12-03T22:09:57-06:00,2024-12-04T04:09:57+00:00,5101.8
2024-12-03T22:14:57-06:00,2024-12-04T04:14:57+00:00,5101.5
2024-12-03T22:19:57-06:00,2024-12-04T04:19:57+00:00,5100.7
2024-12-03T22:24:57-06:00,2024-12-04T04:24:57+00:00,5100.3
2024-12-03T22:29:57-06:00,2024-12-04T04:29:57+00:00,5101.5
2024-12-03T22:34:57-06:00,2024-12-04T04:34:57+00:00,5099.3
2024-12-03T22:39:57-06:00,2024-12-04T04:39:57+00:00,5099.3
2024-12-03T22:44:57-06:00,2024-12-04T04:44:57+00:00,5101.9
2024-12-03T22:49:57-06:00,2024-12-04T04:49:57+00:00,5101.9
2024-12-03T22:54:57-06:00,2024-12-04T04:54:57+00:00,5103.1
2024-12-03T22:59:57-06:00,2024-12-04T04:59:57+00:00,5101.0
2024-12-03T23:04:57-06:00,2024-12-04T05:04:57+00:00,5100.3
2024-12-03T23:09:57-06:00,2024-12-04T05:09:57+00:00,5098.7
2024-12-03T23:14:57-06:00,2024-12-04T05:14:57+00:00,5099.6
2024-12-03T23:19:57-06:00,2024-12-04T05:19:57+00:00,5100.7
2024-12-03T23:24:57-06:00,2024-12-04T05:24:57+00:00,5099.9
2024-12-03T23:29:57-06:00,2024-12-04T05:29:57+00:00,5102.7
2024-12-03T23:34:57-06:00,2024-12-04T05:34:57+00:00,5100.7
2024-12-03T23:39:57-06:00,2024-12-04T05:39:57+00:00,5102.0
2024-12-03T23:44:57-06:00,2024-12-04T05:44:57+00:00,5101.9
2024-12-03T23:49:57-06:00,2024-12-04T05:49:57+00:00,5101.6
2024-12-03T23:54:57-06:00,2024-12-04T05:54:57+00:00,5102.6
2024-12-03T23:59:58-06:00,2024-12-04T05:59:58+00:00,5103.1
2024-12-04T00:04:58-06:00,2024-12-04T06:04:58+00:00,5101.7
2024-12-04T00:09:58-06:00,2024-12-04T06:09:58+00:00,5100.3
2024-12-04T00:14:58-06:00,2024-12-04T06:14:58+00:00,5102.7
2024-12-04T00:19:58-06:00,2024-12-04T06:19:58+00:00,5103.1
2024-12-04T00:24:58-06:00,2024-12-04T06:24:58+00:00,5101.0
2024-12-04T00:29:58-06:00,2024-12-04T06:29:58+00:00,5102.2
2024-12-04T00:34:58-06:00,2024-12-04T06:34:58+00:00,5103.3
2024-12-04T00:39:58-06:00,2024-12-04T06:39:58+00:00,5102.9
2024-12-04T00:44:58-06:00,2024-12-04T06:44:58+00:00,5101.9
2024-12-04T00:49:58-06:00,2024-12-04T06:49:58+00:00,5103.9
2024-12-04T00:54:58-06:00,2024-12-04T06:54:58+00:00,5103.6
2024-12-04T00:59:58-06:00,2024-12-04T06:59:58+00:00,5104.7
2024-12-04T01:04:58-06:00,2024-12-04T07:04:58+00:00,5103.3
2024-12-04T01:09:58-06:00,2024-12-04T07:09:58+00:00,5104.6
2024-12-04T01:14:58-06:00,2024-12-04T07:14:58+00:00,5103.9
2024-12-04T01:19:58-06:00,2024-12-04T07:19:58+00:00,5102.7
2024-12-04T01:24:58-06:00,2024-12-04T07:24:58+00:00,5102.3
2024-12-04T01:29:58-06:00,2024-12-04T07:29:58+00:00,5103.4
2024-12-04T01:34:58-06:00,2024-12-04T07:34:58+00:00,5103.7
2024-12-04T01:39:58-06:00,2024-12-04T07:39:58+00:00,5103.2
2024-12-04T01:44:58-06:00,2024-12-04T07:44:58+00:00,5102.9
2024-12-04T01:49:58-06:00,2024-12-04T07:49:58+00:00,5103.5
2024-12-04T01:54:58-06:00,2024-12-04T07:54:58+00:00,5104.1
2024-12-04T01:59:58-06:00,2024-12-04T07:59:58+00:00,5104.5
2024-12-04T02:04:58-06:00,2024-12-04T08:04:58+00:00,5104.6
2024-12-04T02:09:58-06:00,2024-12-04T08:09:58+00:00,5105.7
2024-12-04T02:14:58-06:00,2024-12-04T08:14:58+00:00,5105.7
2024-12-04T02:19:58-06:00,2024-12-04T08:19:58+00:00,5103.3
2024-12-04T02:24:58-06:00,2024-12-04T08:24:58+00:00,5104.6
2024-12-04T02:29:58-06:00,2024-12-04T08:29:58+00:00,5104.2
2024-12-04T02:34:56-06:00,2024-12-04T08:34:56+00:00,5105.0
2024-12-04T02:39:58-06:00,2024-12-04T08:39:58+00:00,5104.6
2024-12-04T02:44:58-06:00,2024-12-04T08:44:58+00:00,5104.7
2024-12-04T02:49:58-06:00,2024-12-04T08:49:58+00:00,5102.6
2024-12-04T02:54:58-06:00,2024-12-04T08:54:58+00:00,5105.4
2024-12-04T02:59:58-06:00,2024-12-04T08:59:58+00:00,5103.1
2024-12-04T03:04:58-06:00,2024-12-04T09:04:58+00:00,5103.8
2024-12-04T03:09:58-06:00,2024-12-04T09:09:58+00:00,5105.2
2024-12-04T03:14:58-06:00,2024-12-04T09:14:58+00:00,5103.3
2024-12-04T03:19:58-06:00,2024-12-04T09:19:58+00:00,5101.7
2024-12-04T03:24:58-06:00,2024-12-04T09:24:58+00:00,5101.9
2024-12-04T03:29:58-06:00,2024-12-04T09:29:58+00:00,5102.1
2024-12-04T03:34:58-06:00,2024-12-04T09:34:58+00:00,5102.8
2024-12-04T03:39:58-06:00,2024-12-04T09:39:58+00:00,5100.5
2024-12-04T03:44:58-06:00,2024-12-04T09:44:58+00:00,5101.7
2024-12-04T03:49:58-06:00,2024-12-04T09:49:58+00:00,5102.3
2024-12-04T03:54:58-06:00,2024-12-04T09:54:58+00:00,5105.2
2024-12-04T03:59:58-06:00,2024-12-04T09:59:58+00:00,5103.7
2024-12-04T04:04:58-06:00,2024-12-04T10:04:58+00:00,5103.1
2024-12-04T04:09:58-06:00,2024-12-04T10:09:58+00:00,5102.4
2024-12-04T04:14:58-06:00,2024-12-04T10:14:58+00:00,5103.4
2024-12-04T04:19:58-06:00,2024-12-04T10:19:58+00:00,5103.2
2024-12-04T04:24:58-06:00,2024-12-04T10:24:58+00:00,5105.2
2024-12-04T04:29:58-06:00,2024-12-04T10:29:58+00:00,5101.8
2024-12-04T04:34:58-06:00,2024-12-04T10:34:58+00:00,5103.6
2024-12-04T04:39:58-06:00,2024-12-04T10:39:58+00:00,5102.9
2024-12-04T04:44:58-06:00,2024-12-04T10:44:58+00:00,5104.3
2024-12-04T04:49:58-06:00,2024-12-04T10:49:58+00:00,5103.8
2024-12-04T04:54:58-06:00,2024-12-04T10:54:58+00:00,5105.0
2024-12-04T04:59:58-06:00,2024-12-04T10:59:58+00:00,5104.3
2024-12-04T05:04:58-06:00,2024-12-04T11:04:58+00:00,5103.8
2024-12-04T05:09:58-06:00,2024-12-04T11:09:58+00:00,5107.6
2024-12-04T05:14:56-06:00,2024-12-04T11:14:56+00:00,5105.6
2024-12-04T05:19:58-06:00,2024-12-04T11:19:58+00:00,5102.2
2024-12-04T05:24:58-06:00,2024-12-04T11:24:58+00:00,5103.0
2024-12-04T05:29:58-06:00,2024-12-04T11:29:58+00:00,5103.4
2024-12-04T05:34:58-06:00,2024-12-04T11:34:58+00:00,5104.3
2024-12-04T05:39:58-06:00,2024-12-04T11:39:58+00:00,5103.8
2024-12-04T05:44:58-06:00,2024-12-04T11:44:58+00:00,5104.5
2024-12-04T05:49:58-06:00,2024-12-04T11:49:58+00:00,5105.2
2024-12-04T05:54:58-06:00,2024-12-04T11:54:58+00:00,5103.9
2024-12-04T05:59:58-06:00,2024-12-04T11:59:58+00:00,5103.8
2024-12-04T06:04:58-06:00,2024-12-04T12:04:58+00:00,5105.0
2024-12-04T06:09:58-06:00,2024-12-04T12:09:58+00:00,5105.1
2024-12-04T06:14:58-06:00,2024-12-04T12:14:58+00:00,5103.4
2024-12-04T06:19:58-06:00,2024-12-04T12:19:58+00:00,5104.4
2024-12-04T06:24:58-06:00,2024-12-04T12:24:58+00:00,5105.8
2024-12-04T06:29:58-06:00,2024-12-04T12:29:58+00:00,5104.0
2024-12-04T06:34:58-06:00,2024-12-04T12:34:58+00:00,5103.3
2024-12-04T06:39:58-06:00,2024-12-04T12:39:58+00:00,5103.0
2024-12-04T06:44:58-06:00,2024-12-04T12:44:58+00:00,5104.6
2024-12-04T06:49:58-06:00,2024-12-04T12:49:58+00:00,5103.1
2024-12-04T06:54:58-06:00,2024-12-04T12:54:58+00:00,5104.0
2024-12-04T06:59:58-06:00,2024-12-04T12:59:58+00:00,5104.0
2024-12-04T07:04:58-06:00,2024-12-04T13:04:58+00:00,5103.6
2024-12-04T07:09:58-06:00,2024-12-04T13:09:58+00:00,5103.4
2024-12-04T07:14:58-06:00,2024-12-04T13:14:58+00:00,5103.5
2024-12-04T07:19:58-06:00,2024-12-04T13:19:58+00:00,5103.2
2024-12-04T07:24:58-06:00,2024-12-04T13:24:58+00:00,5104.2
2024-12-04T07:29:58-06:00,2024-12-04T13:29:58+00:00,5104.5
2024-12-04T07:34:58-06:00,2024-12-04T13:34:58+00:00,5105.0
2024-12-04T07:39:58-06:00,2024-12-04T13:39:58+00:00,5102.8
2024-12-04T07:44:58-06:00,2024-12-04T13:44:58+00:00,5104.0
2024-12-04T07:49:58-06:00,2024-12-04T13:49:58+00:00,5103.4
2024-12-04T07:54:58-06:00,2024-12-04T13:54:58+00:00,5104.3
2024-12-04T07:59:58-06:00,2024-12-04T13:59:58+00:00,5103.3
2024-12-04T08:04:56-06:00,2024-12-04T14:04:56+00:00,5105.3
2024-12-04T08:09:58-06:00,2024-12-04T14:09:58+00:00,5103.0
2024-12-04T08:14:58-06:00,2024-12-04T14:14:58+00:00,5103.0
2024-12-04T08:19:58-06:00,2024-12-04T14:19:58+00:00,5103.2
2024-12-04T08:24:58-06:00,2024-12-04T14:24:58+00:00,5104.0
2024-12-04T08:29:58-06:00,2024-12-04T14:29:58+00:00,5101.7
2024-12-04T08:34:58-06:00,2024-12-04T14:34:58+00:00,5104.3
2024-12-04T08:39:56-06:00,2024-12-04T14:39:56+00:00,5103.0
2024-12-04T08:44:58-06:00,2024-12-04T14:44:58+00:00,5103.5
2024-12-04T08:49:58-06:00,2024-12-04T14:49:58+00:00,5103.0
2024-12-04T08:54:58-06:00,2024-12-04T14:54:58+00:00,5104.2
2024-12-04T08:59:58-06:00,2024-12-04T14:59:58+00:00,5103.2
2024-12-04T09:04:58-06:00,2024-12-04T15:04:58+00:00,5101.8
2024-12-04T09:09:56-06:00,2024-12-04T15:09:56+00:00,5105.0
2024-12-04T09:14:58-06:00,2024-12-04T15:14:58+00:00,5102.0
2024-12-04T09:19:58-06:00,2024-12-04T15:19:58+00:00,5102.6
2024-12-04T09:24:58-06:00,2024-12-04T15:24:58+00:00,5103.7
2024-12-04T09:29:58-06:00,2024-12-04T15:29:58+00:00,5102.6
2024-12-04T09:34:58-06:00,2024-12-04T15:34:58+00:00,5103.3
2024-12-04T09:39:58-06:00,2024-12-04T15:39:58+00:00,5103.6
2024-12-04T09:44:56-06:00,2024-12-04T15:44:56+00:00,5101.7
2024-12-04T09:49:56-06:00,2024-12-04T15:49:56+00:00,5104.0
2024-12-04T09:54:56-06:00,2024-12-04T15:54:56+00:00,5102.7
2024-12-04T09:59:58-06:00,2024-12-04T15:59:58+00:00,5101.1
2024-12-04T10:04:58-06:00,2024-12-04T16:04:58+00:00,5101.6
2024-12-04T10:09:58-06:00,2024-12-04T16:09:58+00:00,5104.2
2024-12-04T10:14:58-06:00,2024-12-04T16:14:58+00:00,5103.6
2024-12-04T10:19:58-06:00,2024-12-04T16:19:58+00:00,5100.7
2024-12-04T10:24:58-06:00,2024-12-04T16:24:58+00:00,5102.7
2024-12-04T10:29:58-06:00,2024-12-04T16:29:58+00:00,5102.7
2024-12-04T10:34:56-06:00,2024-12-04T16:34:56+00:00,5105.5
2024-12-04T10:39:58-06:00,2024-12-04T16:39:58+00:00,5105.4
2024-12-04T10:44:58-06:00,2024-12-04T16:44:58+00:00,5106.6
2024-12-04T10:49:58-06:00,2024-12-04T16:49:58+00:00,5107.2
2024-12-04T10:54:58-06:00,2024-12-04T16:54:58+00:00,5107.6
2024-12-04T10:59:58-06:00,2024-12-04T16:59:58+00:00,5108.1
2024-12-04T11:04:58-06:00,2024-12-04T17:04:58+00:00,5108.7
2024-12-04T11:09:58-06:00,2024-12-04T17:09:58+00:00,5110.0
2024-12-04T11:14:58-06:00,2024-12-04T17:14:58+00:00,5110.5
2024-12-04T11:19:58-06:00,2024-12-04T17:19:58+00:00,5108.1
2024-12-04T11:24:58-06:00,2024-12-04T17:24:58+00:00,5108.7
2024-12-04T11:29:58-06:00,2024-12-04T17:29:58+00:00,5109.7
2024-12-04T11:34:58-06:00,2024-12-04T17:34:58+00:00,5109.6
2024-12-04T11:39:58-06:00,2024-12-04T17:39:58+00:00,5108.2
2024-12-04T11:44:58-06:00,2024-12-04T17:44:58+00:00,5109.2
2024-12-04T11:49:58-06:00,2024-12-04T17:49:58+00:00,5108.2
2024-12-04T11:54:58-06:00,2024-12-04T17:54:58+00:00,5107.3
2024-12-04T11:59:58-06:00,2024-12-04T17:59:58+00:00,5107.9
2024-12-04T12:04:58-06:00,2024-12-04T18:04:58+00:00,5108.5
2024-12-04T12:09:58-06:00,2024-12-04T18:09:58+00:00,5108.1
2024-12-04T12:14:58-06:00,2024-12-04T18:14:58+00:00,5107.9
2024-12-04T12:19:58-06:00,2024-12-04T18:19:58+00:00,5107.5
2024-12-04T12:24:58-06:00,2024-12-04T18:24:58+00:00,5107.0
2024-12-04T12:29:58-06:00,2024-12-04T18:29:58+00:00,5108.8
2024-12-04T12:34:58-06:00,2024-12-04T18:34:58+00:00,5108.6
2024-12-04T12:39:58-06:00,2024-12-04T18:39:58+00:00,5108.0
2024-12-04T12:44:58-06:00,2024-12-04T18:44:58+00:00,5107.3
2024-12-04T12:49:58-06:00,2024-12-04T18:49:58+00:00,5109.0
2024-12-04T12:54:58-06:00,2024-12-04T18:54:58+00:00,5105.3
2024-12-04T12:59:58-06:00,2024-12-04T18:59:58+00:00,5109.1
2024-12-04T13:04:58-06:00,2024-12-04T19:04:58+00:00,5104.7
2024-12-04T13:09:58-06:00,2024-12-04T19:09:58+00:00,5107.7
2024-12-04T13:14:58-06:00,2024-12-04T19:14:58+00:00,5105.6
2024-12-04T13:19:58-06:00,2024-12-04T19:19:58+00:00,5106.0
2024-12-04T13:24:58-06:00,2024-12-04T19:24:58+00:00,5106.9
2024-12-04T13:29:58-06:00,2024-12-04T19:29:58+00:00,5108.0
2024-12-04T13:34:58-06:00,2024-12-04T19:34:58+00:00,5105.3
2024-12-04T13:39:58-06:00,2024-12-04T19:39:58+00:00,5107.7
2024-12-04T13:44:58-06:00,2024-12-04T19:44:58+00:00,5107.0
2024-12-04T13:49:58-06:00,2024-12-04T19:49:58+00:00,5106.3
2024-12-04T13:54:58-06:00,2024-12-04T19:54:58+00:00,5107.2
2024-12-04T13:59:58-06:00,2024-12-04T19:59:58+00:00,5107.8
2024-12-04T14:04:58-06:00,2024-12-04T20:04:58+00:00,5105.2
2024-12-04T14:09:58-06:00,2024-12-04T20:09:58+00:00,5109.4
2024-12-04T14:14:58-06:00,2024-12-04T20:14:58+00:00,5108.3
2024-12-04T14:19:56-06:00,2024-12-04T20:19:56+00:00,5108.6
2024-12-04T14:24:58-06:00,2024-12-04T20:24:58+00:00,5108.3
2024-12-04T14:29:58-06:00,2024-12-04T20:29:58+00:00,5105.9
2024-12-04T14:34:58-06:00,2024-12-04T20:34:58+00:00,5103.1
2024-12-04T14:39:58-06:00,2024-12-04T20:39:58+00:00,5102.6
2024-12-04T14:44:58-06:00,2024-12-04T20:44:58+00:00,5103.3
2024-12-04T14:49:58-06:00,2024-12-04T20:49:58+00:00,5101.8
2024-12-04T14:54:58-06:00,2024-12-04T20:54:58+00:00,5101.9
2024-12-04T14:59:58-06:00,2024-12-04T20:59:58+00:00,5101.0
2024-12-04T15:04:58-06:00,2024-12-04T21:04:58+00:00,5100.6
2024-12-04T15:09:58-06:00,2024-12-04T21:09:58+00:00,5100.9
2024-12-04T15:14:58-06:00,2024-12-04T21:14:58+00:00,5099.7
2024-12-04T15:19:58-06:00,2024-12-04T21:19:58+00:00,5101.0
2024-12-04T15:24:58-06:00,2024-12-04T21:24:58+00:00,5102.6
2024-12-04T15:29:58-06:00,2024-12-04T21:29:58+00:00,5101.3
2024-12-04T15:34:58-06:00,2024-12-04T21:34:58+00:00,5100.8
2024-12-04T15:39:58-06:00,2024-12-04T21:39:58+00:00,5100.8
2024-12-04T15:44:58-06:00,2024-12-04T21:44:58+00:00,5100.4
2024-12-04T15:49:58-06:00,2024-12-04T21:49:58+00:00,5100.8
2024-12-04T15:54:58-06:00,2024-12-04T21:54:58+00:00,5100.0
2024-12-04T15:59:58-06:00,2024-12-04T21:59:58+00:00,5101.9
2024-12-04T16:04:58-06:00,2024-12-04T22:04:58+00:00,5101.3
2024-12-04T16:09:58-06:00,2024-12-04T22:09:58+00:00,5097.9
2024-12-04T16:14:58-06:00,2024-12-04T22:14:58+00:00,5099.3
2024-12-04T16:19:58-06:00,2024-12-04T22:19:58+00:00,5099.7
2024-12-04T16:24:58-06:00,2024-12-04T22:24:58+00:00,5100.3
2024-12-04T16:29:58-06:00,2024-12-04T22:29:58+00:00,5099.8
2024-12-04T16:34:58-06:00,2024-12-04T22:34:58+00:00,5102.3
2024-12-04T16:39:58-06:00,2024-12-04T22:39:58+00:00,5100.1
2024-12-04T16:44:58-06:00,2024-12-04T22:44:58+00:00,5099.0
2024-12-04T16:49:58-06:00,2024-12-04T22:49:58+00:00,5102.4
2024-12-04T16:54:58-06:00,2024-12-04T22:54:58+00:00,5101.8
2024-12-04T16:59:58-06:00,2024-12-04T22:59:58+00:00,5101.7
2024-12-04T17:04:58-06:00,2024-12-04T23:04:58+00:00,5100.8
2024-12-04T17:09:58-06:00,2024-12-04T23:09:58+00:00,5098.8
2024-12-04T17:14:58-06:00,2024-12-04T23:14:58+00:00,5099.8
2024-12-04T17:19:58-06:00,2024-12-04T23:19:58+00:00,5098.8
2024-12-04T17:24:58-06:00,2024-12-04T23:24:58+00:00,5099.1
2024-12-04T17:29:58-06:00,2024-12-04T23:29:58+00:00,5100.2
2024-12-04T17:34:58-06:00,2024-12-04T23:34:58+00:00,5101.3
2024-12-04T17:39:58-06:00,2024-12-04T23:39:58+00:00,5100.7
2024-12-04T17:44:58-06:00,2024-12-04T23:44:58+00:00,5099.7
2024-12-04T17:49:58-06:00,2024-12-04T23:49:58+00:00,5102.2
2024-12-04T17:54:58-06:00,2024-12-04T23:54:58+00:00,5100.3
2024-12-04T17:59:58-06:00,2024-12-04T23:59:58+00:00,5101.8
