interval_start_local,interval_start_utc,interval_end_local,interval_end_utc,wind
2023-12-31T00:00:00-05:00,2023-12-31T05:00:00+00:00,2024-01-01T00:00:00-05:00,2024-01-01T05:00:00+00:00,479317.0
2024-01-01T00:00:00-05:00,2024-01-01T05:00:00+00:00,2024-01-02T00:00:00-05:00,2024-01-02T05:00:00+00:00,2534843.0
2024-01-02T00:00:00-05:00,2024-01-02T05:00:00+00:00,2024-01-03T00:00:00-05:00,2024-01-03T05:00:00+00:00,3735279.0
2024-01-03T00:00:00-05:00,2024-01-03T05:00:00+00:00,2024-01-04T00:00:00-05:00,2024-01-04T05:00:00+00:00,1862771.0
2024-01-04T00:00:00-05:00,2024-01-04T05:00:00+00:00,2024-01-05T00:00:00-05:00,2024-01-05T05:00:00+00:00,938155.0
2024-01-05T00:00:00-05:00,2024-01-05T05:00:00+00:00,2024-01-06T00:00:00-05:00,2024-01-06T05:00:00+00:00,1714294.0
2024-01-06T00:00:00-05:00,2024-01-06T05:00:00+00:00,2024-01-07T00:00:00-05:00,2024-01-07T05:00:00+00:00,1049213.0
2024-01-07T00:00:00-05:00,2024-01-07T05:00:00+00:00,2024-01-08T00:00:00-05:00,2024-01-08T05:00:00+00:00,1406004.0
2024-01-08T00:00:00-05:00,2024-01-08T05:00:00+00:00,2024-01-09T00:00:00-05:00,2024-01-09T05:00:00+00:00,3730234.0
2024-01-09T00:00:00-05:00,2024-01-09T05:00:00+00:00,2024-01-10T00:00:00-05:00,2024-01-10T05:00:00+00:00,5500986.0
2024-01-10T00:00:00-05:00,2024-01-10T05:00:00+00:00,2024-01-11T00:00:00-05:00,2024-01-11T05:00:00+00:00,3112410.0
2024-01-11T00:00:00-05:00,2024-01-11T05:00:00+00:00,2024-01-12T00:00:00-05:00,2024-01-12T05:00:00+00:00,3067880.0
2024-01-12T00:00:00-05:00,2024-01-12T05:00:00+00:00,2024-01-13T00:00:00-05:00,2024-01-13T05:00:00+00:00,6252310.0
2024-01-13T00:00:00-05:00,2024-01-13T05:00:00+00:00,2024-01-14T00:00:00-05:00,2024-01-14T05:00:00+00:00,6399208.0
2024-01-14T00:00:00-05:00,2024-01-14T05:00:00+00:00,2024-01-15T00:00:00-05:00,2024-01-15T05:00:00+00:00,4748739.0
2024-01-15T00:00:00-05:00,2024-01-15T05:00:00+00:00,2024-01-16T00:00:00-05:00,2024-01-16T05:00:00+00:00,4287312.0
2024-01-16T00:00:00-05:00,2024-01-16T05:00:00+00:00,2024-01-17T00:00:00-05:00,2024-01-17T05:00:00+00:00,5730996.0
2024-01-17T00:00:00-05:00,2024-01-17T05:00:00+00:00,2024-01-18T00:00:00-05:00,2024-01-18T05:00:00+00:00,3555769.0
2024-01-18T00:00:00-05:00,2024-01-18T05:00:00+00:00,2024-01-19T00:00:00-05:00,2024-01-19T05:00:00+00:00,2523610.0
2024-01-19T00:00:00-05:00,2024-01-19T05:00:00+00:00,2024-01-20T00:00:00-05:00,2024-01-20T05:00:00+00:00,5093811.0
2024-01-20T00:00:00-05:00,2024-01-20T05:00:00+00:00,2024-01-21T00:00:00-05:00,2024-01-21T05:00:00+00:00,2784184.0
2024-01-21T00:00:00-05:00,2024-01-21T05:00:00+00:00,2024-01-22T00:00:00-05:00,2024-01-22T05:00:00+00:00,5401025.0
2024-01-22T00:00:00-05:00,2024-01-22T05:00:00+00:00,2024-01-23T00:00:00-05:00,2024-01-23T05:00:00+00:00,3375255.0
2024-01-23T00:00:00-05:00,2024-01-23T05:00:00+00:00,2024-01-24T00:00:00-05:00,2024-01-24T05:00:00+00:00,681718.0
2024-01-24T00:00:00-05:00,2024-01-24T05:00:00+00:00,2024-01-25T00:00:00-05:00,2024-01-25T05:00:00+00:00,592752.0
2024-01-25T00:00:00-05:00,2024-01-25T05:00:00+00:00,2024-01-26T00:00:00-05:00,2024-01-26T05:00:00+00:00,310659.0
2024-01-26T00:00:00-05:00,2024-01-26T05:00:00+00:00,2024-01-27T00:00:00-05:00,2024-01-27T05:00:00+00:00,955015.0
2024-01-27T00:00:00-05:00,2024-01-27T05:00:00+00:00,2024-01-28T00:00:00-05:00,2024-01-28T05:00:00+00:00,1014519.0
2024-01-28T00:00:00-05:00,2024-01-28T05:00:00+00:00,2024-01-29T00:00:00-05:00,2024-01-29T05:00:00+00:00,2540279.0
2024-01-29T00:00:00-05:00,2024-01-29T05:00:00+00:00,2024-01-30T00:00:00-05:00,2024-01-30T05:00:00+00:00,4034862.0
2024-01-30T00:00:00-05:00,2024-01-30T05:00:00+00:00,2024-01-31T00:00:00-05:00,2024-01-31T05:00:00+00:00,3358022.0
2024-01-31T00:00:00-05:00,2024-01-31T05:00:00+00:00,2024-02-01T00:00:00-05:00,2024-02-01T05:00:00+00:00,3156133.0
2024-02-01T00:00:00-05:00,2024-02-01T05:00:00+00:00,2024-02-02T00:00:00-05:00,2024-02-02T05:00:00+00:00,3140243.0
2024-02-02T00:00:00-05:00,2024-02-02T05:00:00+00:00,2024-02-03T00:00:00-05:00,2024-02-03T05:00:00+00:00,5057687.0
2024-02-03T00:00:00-05:00,2024-02-03T05:00:00+00:00,2024-02-04T00:00:00-05:00,2024-02-04T05:00:00+00:00,4128543.0
2024-02-04T00:00:00-05:00,2024-02-04T05:00:00+00:00,2024-02-05T00:00:00-05:00,2024-02-05T05:00:00+00:00,2001427.0
2024-02-05T00:00:00-05:00,2024-02-05T05:00:00+00:00,2024-02-06T00:00:00-05:00,2024-02-06T05:00:00+00:00,1217818.0
2024-02-06T00:00:00-05:00,2024-02-06T05:00:00+00:00,2024-02-07T00:00:00-05:00,2024-02-07T05:00:00+00:00,2862761.0
2024-02-07T00:00:00-05:00,2024-02-07T05:00:00+00:00,2024-02-08T00:00:00-05:00,2024-02-08T05:00:00+00:00,5109941.0
2024-02-08T00:00:00-05:00,2024-02-08T05:00:00+00:00,2024-02-09T00:00:00-05:00,2024-02-09T05:00:00+00:00,6441889.0
2024-02-09T00:00:00-05:00,2024-02-09T05:00:00+00:00,2024-02-10T00:00:00-05:00,2024-02-10T05:00:00+00:00,5401898.0
2024-02-10T00:00:00-05:00,2024-02-10T05:00:00+00:00,2024-02-11T00:00:00-05:00,2024-02-11T05:00:00+00:00,3310825.0
2024-02-11T00:00:00-05:00,2024-02-11T05:00:00+00:00,2024-02-12T00:00:00-05:00,2024-02-12T05:00:00+00:00,1884787.0
2024-02-12T00:00:00-05:00,2024-02-12T05:00:00+00:00,2024-02-13T00:00:00-05:00,2024-02-13T05:00:00+00:00,2193982.0
2024-02-13T00:00:00-05:00,2024-02-13T05:00:00+00:00,2024-02-14T00:00:00-05:00,2024-02-14T05:00:00+00:00,1266485.0
2024-02-14T00:00:00-05:00,2024-02-14T05:00:00+00:00,2024-02-15T00:00:00-05:00,2024-02-15T05:00:00+00:00,3027313.0
2024-02-15T00:00:00-05:00,2024-02-15T05:00:00+00:00,2024-02-16T00:00:00-05:00,2024-02-16T05:00:00+00:00,4007966.0
2024-02-16T00:00:00-05:00,2024-02-16T05:00:00+00:00,2024-02-17T00:00:00-05:00,2024-02-17T05:00:00+00:00,3911252.0
2024-02-17T00:00:00-05:00,2024-02-17T05:00:00+00:00,2024-02-18T00:00:00-05:00,2024-02-18T05:00:00+00:00,5917308.0
2024-02-18T00:00:00-05:00,2024-02-18T05:00:00+00:00,2024-02-19T00:00:00-05:00,2024-02-19T05:00:00+00:00,3868221.0
2024-02-19T00:00:00-05:00,2024-02-19T05:00:00+00:00,2024-02-20T00:00:00-05:00,2024-02-20T05:00:00+00:00,2839709.0
2024-02-20T00:00:00-05:00,2024-02-20T05:00:00+00:00,2024-02-21T00:00:00-05:00,2024-02-21T05:00:00+00:00,2654007.0
2024-02-21T00:00:00-05:00,2024-02-21T05:00:00+00:00,2024-02-22T00:00:00-05:00,2024-02-22T05:00:00+00:00,2482093.0
2024-02-22T00:00:00-05:00,2024-02-22T05:00:00+00:00,2024-02-23T00:00:00-05:00,2024-02-23T05:00:00+00:00,3397640.0
2024-02-23T00:00:00-05:00,2024-02-23T05:00:00+00:00,2024-02-24T00:00:00-05:00,2024-02-24T05:00:00+00:00,4898951.0
2024-02-24T00:00:00-05:00,2024-02-24T05:00:00+00:00,2024-02-25T00:00:00-05:00,2024-02-25T05:00:00+00:00,4187483.0
2024-02-25T00:00:00-05:00,2024-02-25T05:00:00+00:00,2024-02-26T00:00:00-05:00,2024-02-26T05:00:00+00:00,3584074.0
2024-02-26T00:00:00-05:00,2024-02-26T05:00:00+00:00,2024-02-27T00:00:00-05:00,2024-02-27T05:00:00+00:00,4695563.0
2024-02-27T00:00:00-05:00,2024-02-27T05:00:00+00:00,2024-02-28T00:00:00-05:00,2024-02-28T05:00:00+00:00,5897835.0
2024-02-28T00:00:00-05:00,2024-02-28T05:00:00+00:00,2024-02-29T00:00:00-05:00,2024-02-29T05:00:00+00:00,4739724.0
2024-02-29T00:00:00-05:00,2024-02-29T05:00:00+00:00,2024-03-01T00:00:00-05:00,2024-03-01T05:00:00+00:00,5451741.0
2024-03-01T00:00:00-05:00,2024-03-01T05:00:00+00:00,2024-03-02T00:00:00-05:00,2024-03-02T05:00:00+00:00,5828501.0
2024-03-02T00:00:00-05:00,2024-03-02T05:00:00+00:00,2024-03-03T00:00:00-05:00,2024-03-03T05:00:00+00:00,4712592.0
2024-03-03T00:00:00-05:00,2024-03-03T05:00:00+00:00,2024-03-04T00:00:00-05:00,2024-03-04T05:00:00+00:00,6021445.0
2024-03-04T00:00:00-05:00,2024-03-04T05:00:00+00:00,2024-03-05T00:00:00-05:00,2024-03-05T05:00:00+00:00,4593971.0
2024-03-05T00:00:00-05:00,2024-03-05T05:00:00+00:00,2024-03-06T00:00:00-05:00,2024-03-06T05:00:00+00:00,2969229.0
2024-03-06T00:00:00-05:00,2024-03-06T05:00:00+00:00,2024-03-07T00:00:00-05:00,2024-03-07T05:00:00+00:00,3905192.0
2024-03-07T00:00:00-05:00,2024-03-07T05:00:00+00:00,2024-03-08T00:00:00-05:00,2024-03-08T05:00:00+00:00,3432922.0
2024-03-08T00:00:00-05:00,2024-03-08T05:00:00+00:00,2024-03-09T00:00:00-05:00,2024-03-09T05:00:00+00:00,4845327.0
2024-03-09T00:00:00-05:00,2024-03-09T05:00:00+00:00,2024-03-10T00:00:00-05:00,2024-03-10T05:00:00+00:00,4668815.0
2024-03-10T00:00:00-05:00,2024-03-10T05:00:00+00:00,2024-03-11T00:00:00-05:00,2024-03-11T05:00:00+00:00,3974833.0
2024-03-11T00:00:00-05:00,2024-03-11T05:00:00+00:00,2024-03-12T00:00:00-05:00,2024-03-12T05:00:00+00:00,5151954.0
2024-03-12T00:00:00-05:00,2024-03-12T05:00:00+00:00,2024-03-13T00:00:00-05:00,2024-03-13T05:00:00+00:00,3409084.0
2024-03-13T00:00:00-05:00,2024-03-13T05:00:00+00:00,2024-03-14T00:00:00-05:00,2024-03-14T05:00:00+00:00,2669961.0
2024-03-14T00:00:00-05:00,2024-03-14T05:00:00+00:00,2024-03-15T00:00:00-05:00,2024-03-15T05:00:00+00:00,4842373.0
2024-03-15T00:00:00-05:00,2024-03-15T05:00:00+00:00,2024-03-16T00:00:00-05:00,2024-03-16T05:00:00+00:00,3747397.0
2024-03-16T00:00:00-05:00,2024-03-16T05:00:00+00:00,2024-03-17T00:00:00-05:00,2024-03-17T05:00:00+00:00,6250890.0
2024-03-17T00:00:00-05:00,2024-03-17T05:00:00+00:00,2024-03-18T00:00:00-05:00,2024-03-18T05:00:00+00:00,6048474.0
2024-03-18T00:00:00-05:00,2024-03-18T05:00:00+00:00,2024-03-19T00:00:00-05:00,2024-03-19T05:00:00+00:00,4347287.0
2024-03-19T00:00:00-05:00,2024-03-19T05:00:00+00:00,2024-03-20T00:00:00-05:00,2024-03-20T05:00:00+00:00,5795836.0
2024-03-20T00:00:00-05:00,2024-03-20T05:00:00+00:00,2024-03-21T00:00:00-05:00,2024-03-21T05:00:00+00:00,4228044.0
2024-03-21T00:00:00-05:00,2024-03-21T05:00:00+00:00,2024-03-22T00:00:00-05:00,2024-03-22T05:00:00+00:00,2481082.0
2024-03-22T00:00:00-05:00,2024-03-22T05:00:00+00:00,2024-03-23T00:00:00-05:00,2024-03-23T05:00:00+00:00,3448785.0
2024-03-23T00:00:00-05:00,2024-03-23T05:00:00+00:00,2024-03-24T00:00:00-05:00,2024-03-24T05:00:00+00:00,2354155.0
2024-03-24T00:00:00-05:00,2024-03-24T05:00:00+00:00,2024-03-25T00:00:00-05:00,2024-03-25T05:00:00+00:00,5728541.0
2024-03-25T00:00:00-05:00,2024-03-25T05:00:00+00:00,2024-03-26T00:00:00-05:00,2024-03-26T05:00:00+00:00,5671969.0
2024-03-26T00:00:00-05:00,2024-03-26T05:00:00+00:00,2024-03-27T00:00:00-05:00,2024-03-27T05:00:00+00:00,6688232.0
2024-03-27T00:00:00-05:00,2024-03-27T05:00:00+00:00,2024-03-28T00:00:00-05:00,2024-03-28T05:00:00+00:00,4021819.0
2024-03-28T00:00:00-05:00,2024-03-28T05:00:00+00:00,2024-03-29T00:00:00-05:00,2024-03-29T05:00:00+00:00,2015933.0
2024-03-29T00:00:00-05:00,2024-03-29T05:00:00+00:00,2024-03-30T00:00:00-05:00,2024-03-30T05:00:00+00:00,3790049.0
2024-03-30T00:00:00-05:00,2024-03-30T05:00:00+00:00,2024-03-31T00:00:00-05:00,2024-03-31T05:00:00+00:00,3348902.0
2024-03-31T00:00:00-05:00,2024-03-31T05:00:00+00:00,2024-04-01T00:00:00-05:00,2024-04-01T05:00:00+00:00,2472599.0
2024-04-01T00:00:00-05:00,2024-04-01T05:00:00+00:00,2024-04-02T00:00:00-05:00,2024-04-02T05:00:00+00:00,4294804.0
2024-04-02T00:00:00-05:00,2024-04-02T05:00:00+00:00,2024-04-03T00:00:00-05:00,2024-04-03T05:00:00+00:00,5743510.0
2024-04-03T00:00:00-05:00,2024-04-03T05:00:00+00:00,2024-04-04T00:00:00-05:00,2024-04-04T05:00:00+00:00,5630261.0
2024-04-04T00:00:00-05:00,2024-04-04T05:00:00+00:00,2024-04-05T00:00:00-05:00,2024-04-05T05:00:00+00:00,4389641.0
2024-04-05T00:00:00-05:00,2024-04-05T05:00:00+00:00,2024-04-06T00:00:00-05:00,2024-04-06T05:00:00+00:00,3085315.0
2024-04-06T00:00:00-05:00,2024-04-06T05:00:00+00:00,2024-04-07T00:00:00-05:00,2024-04-07T05:00:00+00:00,4984196.0
2024-04-07T00:00:00-05:00,2024-04-07T05:00:00+00:00,2024-04-08T00:00:00-05:00,2024-04-08T05:00:00+00:00,5459884.0
2024-04-08T00:00:00-05:00,2024-04-08T05:00:00+00:00,2024-04-09T00:00:00-05:00,2024-04-09T05:00:00+00:00,4338174.0
2024-04-09T00:00:00-05:00,2024-04-09T05:00:00+00:00,2024-04-10T00:00:00-05:00,2024-04-10T05:00:00+00:00,3309483.0
2024-04-10T00:00:00-05:00,2024-04-10T05:00:00+00:00,2024-04-11T00:00:00-05:00,2024-04-11T05:00:00+00:00,2609195.0
2024-04-11T00:00:00-05:00,2024-04-11T05:00:00+00:00,2024-04-12T00:00:00-05:00,2024-04-12T05:00:00+00:00,5329518.0
2024-04-12T00:00:00-05:00,2024-04-12T05:00:00+00:00,2024-04-13T00:00:00-05:00,2024-04-13T05:00:00+00:00,4868979.0
2024-04-13T00:00:00-05:00,2024-04-13T05:00:00+00:00,2024-04-14T00:00:00-05:00,2024-04-14T05:00:00+00:00,4749124.0
2024-04-14T00:00:00-05:00,2024-04-14T05:00:00+00:00,2024-04-15T00:00:00-05:00,2024-04-15T05:00:00+00:00,3691207.0
2024-04-15T00:00:00-05:00,2024-04-15T05:00:00+00:00,2024-04-16T00:00:00-05:00,2024-04-16T05:00:00+00:00,4293845.0
2024-04-16T00:00:00-05:00,2024-04-16T05:00:00+00:00,2024-04-17T00:00:00-05:00,2024-04-17T05:00:00+00:00,5453953.0
2024-04-17T00:00:00-05:00,2024-04-17T05:00:00+00:00,2024-04-18T00:00:00-05:00,2024-04-18T05:00:00+00:00,5377786.0
2024-04-18T00:00:00-05:00,2024-04-18T05:00:00+00:00,2024-04-19T00:00:00-05:00,2024-04-19T05:00:00+00:00,4245995.0
2024-04-19T00:00:00-05:00,2024-04-19T05:00:00+00:00,2024-04-20T00:00:00-05:00,2024-04-20T05:00:00+00:00,5121760.0
2024-04-20T00:00:00-05:00,2024-04-20T05:00:00+00:00,2024-04-21T00:00:00-05:00,2024-04-21T05:00:00+00:00,5161758.0
2024-04-21T00:00:00-05:00,2024-04-21T05:00:00+00:00,2024-04-22T00:00:00-05:00,2024-04-22T05:00:00+00:00,3330191.0
2024-04-22T00:00:00-05:00,2024-04-22T05:00:00+00:00,2024-04-23T00:00:00-05:00,2024-04-23T05:00:00+00:00,5111039.0
2024-04-23T00:00:00-05:00,2024-04-23T05:00:00+00:00,2024-04-24T00:00:00-05:00,2024-04-24T05:00:00+00:00,5161183.0
2024-04-24T00:00:00-05:00,2024-04-24T05:00:00+00:00,2024-04-25T00:00:00-05:00,2024-04-25T05:00:00+00:00,2213941.0
2024-04-25T00:00:00-05:00,2024-04-25T05:00:00+00:00,2024-04-26T00:00:00-05:00,2024-04-26T05:00:00+00:00,4771830.0
2024-04-26T00:00:00-05:00,2024-04-26T05:00:00+00:00,2024-04-27T00:00:00-05:00,2024-04-27T05:00:00+00:00,5797676.0
2024-04-27T00:00:00-05:00,2024-04-27T05:00:00+00:00,2024-04-28T00:00:00-05:00,2024-04-28T05:00:00+00:00,4437024.0
2024-04-28T00:00:00-05:00,2024-04-28T05:00:00+00:00,2024-04-29T00:00:00-05:00,2024-04-29T05:00:00+00:00,4035713.0
2024-04-29T00:00:00-05:00,2024-04-29T05:00:00+00:00,2024-04-30T00:00:00-05:00,2024-04-30T05:00:00+00:00,3305306.0
2024-04-30T00:00:00-05:00,2024-04-30T05:00:00+00:00,2024-05-01T00:00:00-05:00,2024-05-01T05:00:00+00:00,3012316.0
2024-05-01T00:00:00-05:00,2024-05-01T05:00:00+00:00,2024-05-02T00:00:00-05:00,2024-05-02T05:00:00+00:00,3286735.0
2024-05-02T00:00:00-05:00,2024-05-02T05:00:00+00:00,2024-05-03T00:00:00-05:00,2024-05-03T05:00:00+00:00,2993010.0
2024-05-03T00:00:00-05:00,2024-05-03T05:00:00+00:00,2024-05-04T00:00:00-05:00,2024-05-04T05:00:00+00:00,2440343.0
2024-05-04T00:00:00-05:00,2024-05-04T05:00:00+00:00,2024-05-05T00:00:00-05:00,2024-05-05T05:00:00+00:00,2876654.0
2024-05-05T00:00:00-05:00,2024-05-05T05:00:00+00:00,2024-05-06T00:00:00-05:00,2024-05-06T05:00:00+00:00,1758976.0
2024-05-06T00:00:00-05:00,2024-05-06T05:00:00+00:00,2024-05-07T00:00:00-05:00,2024-05-07T05:00:00+00:00,4293702.0
2024-05-07T00:00:00-05:00,2024-05-07T05:00:00+00:00,2024-05-08T00:00:00-05:00,2024-05-08T05:00:00+00:00,4167000.0
2024-05-08T00:00:00-05:00,2024-05-08T05:00:00+00:00,2024-05-09T00:00:00-05:00,2024-05-09T05:00:00+00:00,2757994.0
2024-05-09T00:00:00-05:00,2024-05-09T05:00:00+00:00,2024-05-10T00:00:00-05:00,2024-05-10T05:00:00+00:00,2810880.0
2024-05-10T00:00:00-05:00,2024-05-10T05:00:00+00:00,2024-05-11T00:00:00-05:00,2024-05-11T05:00:00+00:00,2756793.0
2024-05-11T00:00:00-05:00,2024-05-11T05:00:00+00:00,2024-05-12T00:00:00-05:00,2024-05-12T05:00:00+00:00,2697822.0
2024-05-12T00:00:00-05:00,2024-05-12T05:00:00+00:00,2024-05-13T00:00:00-05:00,2024-05-13T05:00:00+00:00,3580856.0
2024-05-13T00:00:00-05:00,2024-05-13T05:00:00+00:00,2024-05-14T00:00:00-05:00,2024-05-14T05:00:00+00:00,2493912.0
2024-05-14T00:00:00-05:00,2024-05-14T05:00:00+00:00,2024-05-15T00:00:00-05:00,2024-05-15T05:00:00+00:00,2089977.0
2024-05-15T00:00:00-05:00,2024-05-15T05:00:00+00:00,2024-05-16T00:00:00-05:00,2024-05-16T05:00:00+00:00,2386669.0
2024-05-16T00:00:00-05:00,2024-05-16T05:00:00+00:00,2024-05-17T00:00:00-05:00,2024-05-17T05:00:00+00:00,1369127.0
2024-05-17T00:00:00-05:00,2024-05-17T05:00:00+00:00,2024-05-18T00:00:00-05:00,2024-05-18T05:00:00+00:00,3162561.0
2024-05-18T00:00:00-05:00,2024-05-18T05:00:00+00:00,2024-05-19T00:00:00-05:00,2024-05-19T05:00:00+00:00,4038455.0
2024-05-19T00:00:00-05:00,2024-05-19T05:00:00+00:00,2024-05-20T00:00:00-05:00,2024-05-20T05:00:00+00:00,3098301.0
2024-05-20T00:00:00-05:00,2024-05-20T05:00:00+00:00,2024-05-21T00:00:00-05:00,2024-05-21T05:00:00+00:00,2374174.0
2024-05-21T00:00:00-05:00,2024-05-21T05:00:00+00:00,2024-05-22T00:00:00-05:00,2024-05-22T05:00:00+00:00,4446760.0
2024-05-22T00:00:00-05:00,2024-05-22T05:00:00+00:00,2024-05-23T00:00:00-05:00,2024-05-23T05:00:00+00:00,4158461.0
2024-05-23T00:00:00-05:00,2024-05-23T05:00:00+00:00,2024-05-24T00:00:00-05:00,2024-05-24T05:00:00+00:00,3566626.0
2024-05-24T00:00:00-05:00,2024-05-24T05:00:00+00:00,2024-05-25T00:00:00-05:00,2024-05-25T05:00:00+00:00,4225367.0
2024-05-25T00:00:00-05:00,2024-05-25T05:00:00+00:00,2024-05-26T00:00:00-05:00,2024-05-26T05:00:00+00:00,3070060.0
2024-05-26T00:00:00-05:00,2024-05-26T05:00:00+00:00,2024-05-27T00:00:00-05:00,2024-05-27T05:00:00+00:00,2552696.0
2024-05-27T00:00:00-05:00,2024-05-27T05:00:00+00:00,2024-05-28T00:00:00-05:00,2024-05-28T05:00:00+00:00,3223292.0
2024-05-28T00:00:00-05:00,2024-05-28T05:00:00+00:00,2024-05-29T00:00:00-05:00,2024-05-29T05:00:00+00:00,2580272.0
2024-05-29T00:00:00-05:00,2024-05-29T05:00:00+00:00,2024-05-30T00:00:00-05:00,2024-05-30T05:00:00+00:00,1873499.0
2024-05-30T00:00:00-05:00,2024-05-30T05:00:00+00:00,2024-05-31T00:00:00-05:00,2024-05-31T05:00:00+00:00,3874580.0
2024-05-31T00:00:00-05:00,2024-05-31T05:00:00+00:00,2024-06-01T00:00:00-05:00,2024-06-01T05:00:00+00:00,2113380.0
2024-06-01T00:00:00-05:00,2024-06-01T05:00:00+00:00,2024-06-02T00:00:00-05:00,2024-06-02T05:00:00+00:00,1179764.0
2024-06-02T00:00:00-05:00,2024-06-02T05:00:00+00:00,2024-06-03T00:00:00-05:00,2024-06-03T05:00:00+00:00,3342353.0
2024-06-03T00:00:00-05:00,2024-06-03T05:00:00+00:00,2024-06-04T00:00:00-05:00,2024-06-04T05:00:00+00:00,2337899.0
2024-06-04T00:00:00-05:00,2024-06-04T05:00:00+00:00,2024-06-05T00:00:00-05:00,2024-06-05T05:00:00+00:00,3391552.0
2024-06-05T00:00:00-05:00,2024-06-05T05:00:00+00:00,2024-06-06T00:00:00-05:00,2024-06-06T05:00:00+00:00,4093518.0
2024-06-06T00:00:00-05:00,2024-06-06T05:00:00+00:00,2024-06-07T00:00:00-05:00,2024-06-07T05:00:00+00:00,5093371.0
2024-06-07T00:00:00-05:00,2024-06-07T05:00:00+00:00,2024-06-08T00:00:00-05:00,2024-06-08T05:00:00+00:00,2320504.0
2024-06-08T00:00:00-05:00,2024-06-08T05:00:00+00:00,2024-06-09T00:00:00-05:00,2024-06-09T05:00:00+00:00,2328923.0
2024-06-09T00:00:00-05:00,2024-06-09T05:00:00+00:00,2024-06-10T00:00:00-05:00,2024-06-10T05:00:00+00:00,3288997.0
2024-06-10T00:00:00-05:00,2024-06-10T05:00:00+00:00,2024-06-11T00:00:00-05:00,2024-06-11T05:00:00+00:00,1825825.0
2024-06-11T00:00:00-05:00,2024-06-11T05:00:00+00:00,2024-06-12T00:00:00-05:00,2024-06-12T05:00:00+00:00,3126729.0
2024-06-12T00:00:00-05:00,2024-06-12T05:00:00+00:00,2024-06-13T00:00:00-05:00,2024-06-13T05:00:00+00:00,4041424.0
2024-06-13T00:00:00-05:00,2024-06-13T05:00:00+00:00,2024-06-14T00:00:00-05:00,2024-06-14T05:00:00+00:00,3477340.0
2024-06-14T00:00:00-05:00,2024-06-14T05:00:00+00:00,2024-06-15T00:00:00-05:00,2024-06-15T05:00:00+00:00,1361296.0
2024-06-15T00:00:00-05:00,2024-06-15T05:00:00+00:00,2024-06-16T00:00:00-05:00,2024-06-16T05:00:00+00:00,4318690.0
2024-06-16T00:00:00-05:00,2024-06-16T05:00:00+00:00,2024-06-17T00:00:00-05:00,2024-06-17T05:00:00+00:00,4974343.0
2024-06-17T00:00:00-05:00,2024-06-17T05:00:00+00:00,2024-06-18T00:00:00-05:00,2024-06-18T05:00:00+00:00,4463315.0
2024-06-18T00:00:00-05:00,2024-06-18T05:00:00+00:00,2024-06-19T00:00:00-05:00,2024-06-19T05:00:00+00:00,5327255.0
2024-06-19T00:00:00-05:00,2024-06-19T05:00:00+00:00,2024-06-20T00:00:00-05:00,2024-06-20T05:00:00+00:00,1745179.0
2024-06-20T00:00:00-05:00,2024-06-20T05:00:00+00:00,2024-06-21T00:00:00-05:00,2024-06-21T05:00:00+00:00,1214784.0
2024-06-21T00:00:00-05:00,2024-06-21T05:00:00+00:00,2024-06-22T00:00:00-05:00,2024-06-22T05:00:00+00:00,2007088.0
2024-06-22T00:00:00-05:00,2024-06-22T05:00:00+00:00,2024-06-23T00:00:00-05:00,2024-06-23T05:00:00+00:00,2658487.0
2024-06-23T00:00:00-05:00,2024-06-23T05:00:00+00:00,2024-06-24T00:00:00-05:00,2024-06-24T05:00:00+00:00,1647461.0
2024-06-24T00:00:00-05:00,2024-06-24T05:00:00+00:00,2024-06-25T00:00:00-05:00,2024-06-25T05:00:00+00:00,3707848.0
2024-06-25T00:00:00-05:00,2024-06-25T05:00:00+00:00,2024-06-26T00:00:00-05:00,2024-06-26T05:00:00+00:00,2888543.0
2024-06-26T00:00:00-05:00,2024-06-26T05:00:00+00:00,2024-06-27T00:00:00-05:00,2024-06-27T05:00:00+00:00,2052486.0
2024-06-27T00:00:00-05:00,2024-06-27T05:00:00+00:00,2024-06-28T00:00:00-05:00,2024-06-28T05:00:00+00:00,2451671.0
2024-06-28T00:00:00-05:00,2024-06-28T05:00:00+00:00,2024-06-29T00:00:00-05:00,2024-06-29T05:00:00+00:00,3808890.0
2024-06-29T00:00:00-05:00,2024-06-29T05:00:00+00:00,2024-06-30T00:00:00-05:00,2024-06-30T05:00:00+00:00,4013255.0
2024-06-30T00:00:00-05:00,2024-06-30T05:00:00+00:00,2024-07-01T00:00:00-05:00,2024-07-01T05:00:00+00:00,2222751.0
2024-07-01T00:00:00-05:00,2024-07-01T05:00:00+00:00,2024-07-02T00:00:00-05:00,2024-07-02T05:00:00+00:00,4562333.0
2024-07-02T00:00:00-05:00,2024-07-02T05:00:00+00:00,2024-07-03T00:00:00-05:00,2024-07-03T05:00:00+00:00,3095888.0
2024-07-03T00:00:00-05:00,2024-07-03T05:00:00+00:00,2024-07-04T00:00:00-05:00,2024-07-04T05:00:00+00:00,2119338.0
2024-07-04T00:00:00-05:00,2024-07-04T05:00:00+00:00,2024-07-05T00:00:00-05:00,2024-07-05T05:00:00+00:00,1541214.0
2024-07-05T00:00:00-05:00,2024-07-05T05:00:00+00:00,2024-07-06T00:00:00-05:00,2024-07-06T05:00:00+00:00,2482779.0
2024-07-06T00:00:00-05:00,2024-07-06T05:00:00+00:00,2024-07-07T00:00:00-05:00,2024-07-07T05:00:00+00:00,883396.0
2024-07-07T00:00:00-05:00,2024-07-07T05:00:00+00:00,2024-07-08T00:00:00-05:00,2024-07-08T05:00:00+00:00,1168569.0
2024-07-08T00:00:00-05:00,2024-07-08T05:00:00+00:00,2024-07-09T00:00:00-05:00,2024-07-09T05:00:00+00:00,654941.0
2024-07-09T00:00:00-05:00,2024-07-09T05:00:00+00:00,2024-07-10T00:00:00-05:00,2024-07-10T05:00:00+00:00,467645.0
2024-07-10T00:00:00-05:00,2024-07-10T05:00:00+00:00,2024-07-11T00:00:00-05:00,2024-07-11T05:00:00+00:00,1491231.0
2024-07-11T00:00:00-05:00,2024-07-11T05:00:00+00:00,2024-07-12T00:00:00-05:00,2024-07-12T05:00:00+00:00,851258.0
2024-07-12T00:00:00-05:00,2024-07-12T05:00:00+00:00,2024-07-13T00:00:00-05:00,2024-07-13T05:00:00+00:00,2290837.0
2024-07-13T00:00:00-05:00,2024-07-13T05:00:00+00:00,2024-07-14T00:00:00-05:00,2024-07-14T05:00:00+00:00,2347238.0
2024-07-14T00:00:00-05:00,2024-07-14T05:00:00+00:00,2024-07-15T00:00:00-05:00,2024-07-15T05:00:00+00:00,2074982.0
2024-07-15T00:00:00-05:00,2024-07-15T05:00:00+00:00,2024-07-16T00:00:00-05:00,2024-07-16T05:00:00+00:00,1971980.0
2024-07-16T00:00:00-05:00,2024-07-16T05:00:00+00:00,2024-07-17T00:00:00-05:00,2024-07-17T05:00:00+00:00,1630791.0
2024-07-17T00:00:00-05:00,2024-07-17T05:00:00+00:00,2024-07-18T00:00:00-05:00,2024-07-18T05:00:00+00:00,1640262.0
2024-07-18T00:00:00-05:00,2024-07-18T05:00:00+00:00,2024-07-19T00:00:00-05:00,2024-07-19T05:00:00+00:00,648762.0
2024-07-19T00:00:00-05:00,2024-07-19T05:00:00+00:00,2024-07-20T00:00:00-05:00,2024-07-20T05:00:00+00:00,1476801.0
2024-07-20T00:00:00-05:00,2024-07-20T05:00:00+00:00,2024-07-21T00:00:00-05:00,2024-07-21T05:00:00+00:00,448420.0
2024-07-21T00:00:00-05:00,2024-07-21T05:00:00+00:00,2024-07-22T00:00:00-05:00,2024-07-22T05:00:00+00:00,172687.0
2024-07-22T00:00:00-05:00,2024-07-22T05:00:00+00:00,2024-07-23T00:00:00-05:00,2024-07-23T05:00:00+00:00,199177.0
2024-07-23T00:00:00-05:00,2024-07-23T05:00:00+00:00,2024-07-24T00:00:00-05:00,2024-07-24T05:00:00+00:00,677932.0
2024-07-24T00:00:00-05:00,2024-07-24T05:00:00+00:00,2024-07-25T00:00:00-05:00,2024-07-25T05:00:00+00:00,1066788.0
2024-07-25T00:00:00-05:00,2024-07-25T05:00:00+00:00,2024-07-26T00:00:00-05:00,2024-07-26T05:00:00+00:00,2150203.0
2024-07-26T00:00:00-05:00,2024-07-26T05:00:00+00:00,2024-07-27T00:00:00-05:00,2024-07-27T05:00:00+00:00,2919217.0
2024-07-27T00:00:00-05:00,2024-07-27T05:00:00+00:00,2024-07-28T00:00:00-05:00,2024-07-28T05:00:00+00:00,3263219.0
2024-07-28T00:00:00-05:00,2024-07-28T05:00:00+00:00,2024-07-29T00:00:00-05:00,2024-07-29T05:00:00+00:00,2576863.0
2024-07-29T00:00:00-05:00,2024-07-29T05:00:00+00:00,2024-07-30T00:00:00-05:00,2024-07-30T05:00:00+00:00,883734.0
2024-07-30T00:00:00-05:00,2024-07-30T05:00:00+00:00,2024-07-31T00:00:00-05:00,2024-07-31T05:00:00+00:00,1901656.0
2024-07-31T00:00:00-05:00,2024-07-31T05:00:00+00:00,2024-08-01T00:00:00-05:00,2024-08-01T05:00:00+00:00,1938456.0
2024-08-01T00:00:00-05:00,2024-08-01T05:00:00+00:00,2024-08-02T00:00:00-05:00,2024-08-02T05:00:00+00:00,1739001.0
2024-08-02T00:00:00-05:00,2024-08-02T05:00:00+00:00,2024-08-03T00:00:00-05:00,2024-08-03T05:00:00+00:00,1302121.0
2024-08-03T00:00:00-05:00,2024-08-03T05:00:00+00:00,2024-08-04T00:00:00-05:00,2024-08-04T05:00:00+00:00,1311199.0
2024-08-04T00:00:00-05:00,2024-08-04T05:00:00+00:00,2024-08-05T00:00:00-05:00,2024-08-05T05:00:00+00:00,1683584.0
2024-08-05T00:00:00-05:00,2024-08-05T05:00:00+00:00,2024-08-06T00:00:00-05:00,2024-08-06T05:00:00+00:00,2641931.0
2024-08-06T00:00:00-05:00,2024-08-06T05:00:00+00:00,2024-08-07T00:00:00-05:00,2024-08-07T05:00:00+00:00,2961016.0
2024-08-07T00:00:00-05:00,2024-08-07T05:00:00+00:00,2024-08-08T00:00:00-05:00,2024-08-08T05:00:00+00:00,1432372.0
2024-08-08T00:00:00-05:00,2024-08-08T05:00:00+00:00,2024-08-09T00:00:00-05:00,2024-08-09T05:00:00+00:00,2875172.0
2024-08-09T00:00:00-05:00,2024-08-09T05:00:00+00:00,2024-08-10T00:00:00-05:00,2024-08-10T05:00:00+00:00,3023597.0
2024-08-10T00:00:00-05:00,2024-08-10T05:00:00+00:00,2024-08-11T00:00:00-05:00,2024-08-11T05:00:00+00:00,1654661.0
2024-08-11T00:00:00-05:00,2024-08-11T05:00:00+00:00,2024-08-12T00:00:00-05:00,2024-08-12T05:00:00+00:00,814097.0
2024-08-12T00:00:00-05:00,2024-08-12T05:00:00+00:00,2024-08-13T00:00:00-05:00,2024-08-13T05:00:00+00:00,583038.0
2024-08-13T00:00:00-05:00,2024-08-13T05:00:00+00:00,2024-08-14T00:00:00-05:00,2024-08-14T05:00:00+00:00,989707.0
2024-08-14T00:00:00-05:00,2024-08-14T05:00:00+00:00,2024-08-15T00:00:00-05:00,2024-08-15T05:00:00+00:00,2824604.0
2024-08-15T00:00:00-05:00,2024-08-15T05:00:00+00:00,2024-08-16T00:00:00-05:00,2024-08-16T05:00:00+00:00,2216771.0
2024-08-16T00:00:00-05:00,2024-08-16T05:00:00+00:00,2024-08-17T00:00:00-05:00,2024-08-17T05:00:00+00:00,3216986.0
2024-08-17T00:00:00-05:00,2024-08-17T05:00:00+00:00,2024-08-18T00:00:00-05:00,2024-08-18T05:00:00+00:00,2169128.0
2024-08-18T00:00:00-05:00,2024-08-18T05:00:00+00:00,2024-08-19T00:00:00-05:00,2024-08-19T05:00:00+00:00,1413347.0
2024-08-19T00:00:00-05:00,2024-08-19T05:00:00+00:00,2024-08-20T00:00:00-05:00,2024-08-20T05:00:00+00:00,1548764.0
2024-08-20T00:00:00-05:00,2024-08-20T05:00:00+00:00,2024-08-21T00:00:00-05:00,2024-08-21T05:00:00+00:00,1656588.0
2024-08-21T00:00:00-05:00,2024-08-21T05:00:00+00:00,2024-08-22T00:00:00-05:00,2024-08-22T05:00:00+00:00,2451172.0
2024-08-22T00:00:00-05:00,2024-08-22T05:00:00+00:00,2024-08-23T00:00:00-05:00,2024-08-23T05:00:00+00:00,3243459.0
2024-08-23T00:00:00-05:00,2024-08-23T05:00:00+00:00,2024-08-24T00:00:00-05:00,2024-08-24T05:00:00+00:00,2527122.0
2024-08-24T00:00:00-05:00,2024-08-24T05:00:00+00:00,2024-08-25T00:00:00-05:00,2024-08-25T05:00:00+00:00,2897747.0
2024-08-25T00:00:00-05:00,2024-08-25T05:00:00+00:00,2024-08-26T00:00:00-05:00,2024-08-26T05:00:00+00:00,2256961.0
2024-08-26T00:00:00-05:00,2024-08-26T05:00:00+00:00,2024-08-27T00:00:00-05:00,2024-08-27T05:00:00+00:00,1739619.0
2024-08-27T00:00:00-05:00,2024-08-27T05:00:00+00:00,2024-08-28T00:00:00-05:00,2024-08-28T05:00:00+00:00,1479689.0
2024-08-28T00:00:00-05:00,2024-08-28T05:00:00+00:00,2024-08-29T00:00:00-05:00,2024-08-29T05:00:00+00:00,1464244.0
2024-08-29T00:00:00-05:00,2024-08-29T05:00:00+00:00,2024-08-30T00:00:00-05:00,2024-08-30T05:00:00+00:00,2941038.0
2024-08-30T00:00:00-05:00,2024-08-30T05:00:00+00:00,2024-08-31T00:00:00-05:00,2024-08-31T05:00:00+00:00,1515361.0
2024-08-31T00:00:00-05:00,2024-08-31T05:00:00+00:00,2024-09-01T00:00:00-05:00,2024-09-01T05:00:00+00:00,2190360.0
2024-09-01T00:00:00-05:00,2024-09-01T05:00:00+00:00,2024-09-02T00:00:00-05:00,2024-09-02T05:00:00+00:00,2821887.0
2024-09-02T00:00:00-05:00,2024-09-02T05:00:00+00:00,2024-09-03T00:00:00-05:00,2024-09-03T05:00:00+00:00,2186378.0
2024-09-03T00:00:00-05:00,2024-09-03T05:00:00+00:00,2024-09-04T00:00:00-05:00,2024-09-04T05:00:00+00:00,3579778.0
2024-09-04T00:00:00-05:00,2024-09-04T05:00:00+00:00,2024-09-05T00:00:00-05:00,2024-09-05T05:00:00+00:00,3525817.0
2024-09-05T00:00:00-05:00,2024-09-05T05:00:00+00:00,2024-09-06T00:00:00-05:00,2024-09-06T05:00:00+00:00,2874323.0
2024-09-06T00:00:00-05:00,2024-09-06T05:00:00+00:00,2024-09-07T00:00:00-05:00,2024-09-07T05:00:00+00:00,2073543.0
2024-09-07T00:00:00-05:00,2024-09-07T05:00:00+00:00,2024-09-08T00:00:00-05:00,2024-09-08T05:00:00+00:00,1312019.0
2024-09-08T00:00:00-05:00,2024-09-08T05:00:00+00:00,2024-09-09T00:00:00-05:00,2024-09-09T05:00:00+00:00,2697452.0
2024-09-09T00:00:00-05:00,2024-09-09T05:00:00+00:00,2024-09-10T00:00:00-05:00,2024-09-10T05:00:00+00:00,3476557.0
2024-09-10T00:00:00-05:00,2024-09-10T05:00:00+00:00,2024-09-11T00:00:00-05:00,2024-09-11T05:00:00+00:00,3523267.0
2024-09-11T00:00:00-05:00,2024-09-11T05:00:00+00:00,2024-09-12T00:00:00-05:00,2024-09-12T05:00:00+00:00,2867604.0
2024-09-12T00:00:00-05:00,2024-09-12T05:00:00+00:00,2024-09-13T00:00:00-05:00,2024-09-13T05:00:00+00:00,3387923.0
2024-09-13T00:00:00-05:00,2024-09-13T05:00:00+00:00,2024-09-14T00:00:00-05:00,2024-09-14T05:00:00+00:00,3109528.0
2024-09-14T00:00:00-05:00,2024-09-14T05:00:00+00:00,2024-09-15T00:00:00-05:00,2024-09-15T05:00:00+00:00,1496493.0
2024-09-15T00:00:00-05:00,2024-09-15T05:00:00+00:00,2024-09-16T00:00:00-05:00,2024-09-16T05:00:00+00:00,2268915.0
2024-09-16T00:00:00-05:00,2024-09-16T05:00:00+00:00,2024-09-17T00:00:00-05:00,2024-09-17T05:00:00+00:00,2584960.0
2024-09-17T00:00:00-05:00,2024-09-17T05:00:00+00:00,2024-09-18T00:00:00-05:00,2024-09-18T05:00:00+00:00,3304141.0
2024-09-18T00:00:00-05:00,2024-09-18T05:00:00+00:00,2024-09-19T00:00:00-05:00,2024-09-19T05:00:00+00:00,3507369.0
2024-09-19T00:00:00-05:00,2024-09-19T05:00:00+00:00,2024-09-20T00:00:00-05:00,2024-09-20T05:00:00+00:00,3142610.0
2024-09-20T00:00:00-05:00,2024-09-20T05:00:00+00:00,2024-09-21T00:00:00-05:00,2024-09-21T05:00:00+00:00,1695422.0
2024-09-21T00:00:00-05:00,2024-09-21T05:00:00+00:00,2024-09-22T00:00:00-05:00,2024-09-22T05:00:00+00:00,3550883.0
2024-09-22T00:00:00-05:00,2024-09-22T05:00:00+00:00,2024-09-23T00:00:00-05:00,2024-09-23T05:00:00+00:00,2656656.0
2024-09-23T00:00:00-05:00,2024-09-23T05:00:00+00:00,2024-09-24T00:00:00-05:00,2024-09-24T05:00:00+00:00,1645564.0
2024-09-24T00:00:00-05:00,2024-09-24T05:00:00+00:00,2024-09-25T00:00:00-05:00,2024-09-25T05:00:00+00:00,906092.0
2024-09-25T00:00:00-05:00,2024-09-25T05:00:00+00:00,2024-09-26T00:00:00-05:00,2024-09-26T05:00:00+00:00,817830.0
2024-09-26T00:00:00-05:00,2024-09-26T05:00:00+00:00,2024-09-27T00:00:00-05:00,2024-09-27T05:00:00+00:00,1925893.0
2024-09-27T00:00:00-05:00,2024-09-27T05:00:00+00:00,2024-09-28T00:00:00-05:00,2024-09-28T05:00:00+00:00,2647379.0
2024-09-28T00:00:00-05:00,2024-09-28T05:00:00+00:00,2024-09-29T00:00:00-05:00,2024-09-29T05:00:00+00:00,2873701.0
2024-09-29T00:00:00-05:00,2024-09-29T05:00:00+00:00,2024-09-30T00:00:00-05:00,2024-09-30T05:00:00+00:00,2502020.0
2024-09-30T00:00:00-05:00,2024-09-30T05:00:00+00:00,2024-10-01T00:00:00-05:00,2024-10-01T05:00:00+00:00,3789868.0
2024-10-01T00:00:00-05:00,2024-10-01T05:00:00+00:00,2024-10-02T00:00:00-05:00,2024-10-02T05:00:00+00:00,3382606.0
2024-10-02T00:00:00-05:00,2024-10-02T05:00:00+00:00,2024-10-03T00:00:00-05:00,2024-10-03T05:00:00+00:00,4109749.0
2024-10-03T00:00:00-05:00,2024-10-03T05:00:00+00:00,2024-10-04T00:00:00-05:00,2024-10-04T05:00:00+00:00,3251437.0
2024-10-04T00:00:00-05:00,2024-10-04T05:00:00+00:00,2024-10-05T00:00:00-05:00,2024-10-05T05:00:00+00:00,3386880.0
2024-10-05T00:00:00-05:00,2024-10-05T05:00:00+00:00,2024-10-06T00:00:00-05:00,2024-10-06T05:00:00+00:00,5341381.0
2024-10-06T00:00:00-05:00,2024-10-06T05:00:00+00:00,2024-10-07T00:00:00-05:00,2024-10-07T05:00:00+00:00,5029867.0
2024-10-07T00:00:00-05:00,2024-10-07T05:00:00+00:00,2024-10-08T00:00:00-05:00,2024-10-08T05:00:00+00:00,1102023.0
2024-10-08T00:00:00-05:00,2024-10-08T05:00:00+00:00,2024-10-09T00:00:00-05:00,2024-10-09T05:00:00+00:00,1549164.0
2024-10-09T00:00:00-05:00,2024-10-09T05:00:00+00:00,2024-10-10T00:00:00-05:00,2024-10-10T05:00:00+00:00,1705112.0
2024-10-10T00:00:00-05:00,2024-10-10T05:00:00+00:00,2024-10-11T00:00:00-05:00,2024-10-11T05:00:00+00:00,2707817.0
2024-10-11T00:00:00-05:00,2024-10-11T05:00:00+00:00,2024-10-12T00:00:00-05:00,2024-10-12T05:00:00+00:00,3971829.0
2024-10-12T00:00:00-05:00,2024-10-12T05:00:00+00:00,2024-10-13T00:00:00-05:00,2024-10-13T05:00:00+00:00,2056487.0
2024-10-13T00:00:00-05:00,2024-10-13T05:00:00+00:00,2024-10-14T00:00:00-05:00,2024-10-14T05:00:00+00:00,4753235.0
2024-10-14T00:00:00-05:00,2024-10-14T05:00:00+00:00,2024-10-15T00:00:00-05:00,2024-10-15T05:00:00+00:00,2352305.0
2024-10-15T00:00:00-05:00,2024-10-15T05:00:00+00:00,2024-10-16T00:00:00-05:00,2024-10-16T05:00:00+00:00,3266139.0
2024-10-16T00:00:00-05:00,2024-10-16T05:00:00+00:00,2024-10-17T00:00:00-05:00,2024-10-17T05:00:00+00:00,3392666.0
2024-10-17T00:00:00-05:00,2024-10-17T05:00:00+00:00,2024-10-18T00:00:00-05:00,2024-10-18T05:00:00+00:00,5115992.0
2024-10-18T00:00:00-05:00,2024-10-18T05:00:00+00:00,2024-10-19T00:00:00-05:00,2024-10-19T05:00:00+00:00,5176089.0
2024-10-19T00:00:00-05:00,2024-10-19T05:00:00+00:00,2024-10-20T00:00:00-05:00,2024-10-20T05:00:00+00:00,3620377.0
2024-10-20T00:00:00-05:00,2024-10-20T05:00:00+00:00,2024-10-21T00:00:00-05:00,2024-10-21T05:00:00+00:00,5137421.0
2024-10-21T00:00:00-05:00,2024-10-21T05:00:00+00:00,2024-10-22T00:00:00-05:00,2024-10-22T05:00:00+00:00,4640271.0
2024-10-22T00:00:00-05:00,2024-10-22T05:00:00+00:00,2024-10-23T00:00:00-05:00,2024-10-23T05:00:00+00:00,4371150.0
2024-10-23T00:00:00-05:00,2024-10-23T05:00:00+00:00,2024-10-24T00:00:00-05:00,2024-10-24T05:00:00+00:00,3225080.0
2024-10-24T00:00:00-05:00,2024-10-24T05:00:00+00:00,2024-10-25T00:00:00-05:00,2024-10-25T05:00:00+00:00,3731157.0
2024-10-25T00:00:00-05:00,2024-10-25T05:00:00+00:00,2024-10-26T00:00:00-05:00,2024-10-26T05:00:00+00:00,3348595.0
2024-10-26T00:00:00-05:00,2024-10-26T05:00:00+00:00,2024-10-27T00:00:00-05:00,2024-10-27T05:00:00+00:00,3137971.0
2024-10-27T00:00:00-05:00,2024-10-27T05:00:00+00:00,2024-10-28T00:00:00-05:00,2024-10-28T05:00:00+00:00,4276753.0
2024-10-28T00:00:00-05:00,2024-10-28T05:00:00+00:00,2024-10-29T00:00:00-05:00,2024-10-29T05:00:00+00:00,5291190.0
2024-10-29T00:00:00-05:00,2024-10-29T05:00:00+00:00,2024-10-30T00:00:00-05:00,2024-10-30T05:00:00+00:00,5568776.0
2024-10-30T00:00:00-05:00,2024-10-30T05:00:00+00:00,2024-10-31T00:00:00-05:00,2024-10-31T05:00:00+00:00,5492753.0
2024-10-31T00:00:00-05:00,2024-10-31T05:00:00+00:00,2024-11-01T00:00:00-05:00,2024-11-01T05:00:00+00:00,4865212.0
2024-11-01T00:00:00-05:00,2024-11-01T05:00:00+00:00,2024-11-02T00:00:00-05:00,2024-11-02T05:00:00+00:00,2623609.0
2024-11-02T00:00:00-05:00,2024-11-02T05:00:00+00:00,2024-11-03T00:00:00-05:00,2024-11-03T05:00:00+00:00,3298947.0
2024-11-03T00:00:00-05:00,2024-11-03T05:00:00+00:00,2024-11-04T00:00:00-05:00,2024-11-04T05:00:00+00:00,4485972.0
2024-11-04T00:00:00-05:00,2024-11-04T05:00:00+00:00,2024-11-05T00:00:00-05:00,2024-11-05T05:00:00+00:00,3720354.0
2024-11-05T00:00:00-05:00,2024-11-05T05:00:00+00:00,2024-11-06T00:00:00-05:00,2024-11-06T05:00:00+00:00,3273409.0
2024-11-06T00:00:00-05:00,2024-11-06T05:00:00+00:00,2024-11-07T00:00:00-05:00,2024-11-07T05:00:00+00:00,1044984.0
2024-11-07T00:00:00-05:00,2024-11-07T05:00:00+00:00,2024-11-08T00:00:00-05:00,2024-11-08T05:00:00+00:00,2387232.0
2024-11-08T00:00:00-05:00,2024-11-08T05:00:00+00:00,2024-11-09T00:00:00-05:00,2024-11-09T05:00:00+00:00,2252346.0
2024-11-09T00:00:00-05:00,2024-11-09T05:00:00+00:00,2024-11-10T00:00:00-05:00,2024-11-10T05:00:00+00:00,4624755.0
2024-11-10T00:00:00-05:00,2024-11-10T05:00:00+00:00,2024-11-11T00:00:00-05:00,2024-11-11T05:00:00+00:00,3559723.0
2024-11-11T00:00:00-05:00,2024-11-11T05:00:00+00:00,2024-11-12T00:00:00-05:00,2024-11-12T05:00:00+00:00,4719786.0
2024-11-12T00:00:00-05:00,2024-11-12T05:00:00+00:00,2024-11-13T00:00:00-05:00,2024-11-13T05:00:00+00:00,5089294.0
2024-11-13T00:00:00-05:00,2024-11-13T05:00:00+00:00,2024-11-14T00:00:00-05:00,2024-11-14T05:00:00+00:00,4152225.0
2024-11-14T00:00:00-05:00,2024-11-14T05:00:00+00:00,2024-11-15T00:00:00-05:00,2024-11-15T05:00:00+00:00,2359111.0
2024-11-15T00:00:00-05:00,2024-11-15T05:00:00+00:00,2024-11-16T00:00:00-05:00,2024-11-16T05:00:00+00:00,2040327.0
2024-11-16T00:00:00-05:00,2024-11-16T05:00:00+00:00,2024-11-17T00:00:00-05:00,2024-11-17T05:00:00+00:00,5062456.0
2024-11-17T00:00:00-05:00,2024-11-17T05:00:00+00:00,2024-11-18T00:00:00-05:00,2024-11-18T05:00:00+00:00,3501238.0
2024-11-18T00:00:00-05:00,2024-11-18T05:00:00+00:00,2024-11-19T00:00:00-05:00,2024-11-19T05:00:00+00:00,4055479.0
2024-11-19T00:00:00-05:00,2024-11-19T05:00:00+00:00,2024-11-20T00:00:00-05:00,2024-11-20T05:00:00+00:00,5479098.0
2024-11-20T00:00:00-05:00,2024-11-20T05:00:00+00:00,2024-11-21T00:00:00-05:00,2024-11-21T05:00:00+00:00,5267322.0
2024-11-21T00:00:00-05:00,2024-11-21T05:00:00+00:00,2024-11-22T00:00:00-05:00,2024-11-22T05:00:00+00:00,5370910.0
2024-11-22T00:00:00-05:00,2024-11-22T05:00:00+00:00,2024-11-23T00:00:00-05:00,2024-11-23T05:00:00+00:00,2494201.0
2024-11-23T00:00:00-05:00,2024-11-23T05:00:00+00:00,2024-11-24T00:00:00-05:00,2024-11-24T05:00:00+00:00,2058637.0
2024-11-24T00:00:00-05:00,2024-11-24T05:00:00+00:00,2024-11-25T00:00:00-05:00,2024-11-25T05:00:00+00:00,2883587.0
2024-11-25T00:00:00-05:00,2024-11-25T05:00:00+00:00,2024-11-26T00:00:00-05:00,2024-11-26T05:00:00+00:00,5406846.0
2024-11-26T00:00:00-05:00,2024-11-26T05:00:00+00:00,2024-11-27T00:00:00-05:00,2024-11-27T05:00:00+00:00,2521056.0
2024-11-27T00:00:00-05:00,2024-11-27T05:00:00+00:00,2024-11-28T00:00:00-05:00,2024-11-28T05:00:00+00:00,1904375.0
2024-11-28T00:00:00-05:00,2024-11-28T05:00:00+00:00,2024-11-29T00:00:00-05:00,2024-11-29T05:00:00+00:00,4735768.0
2024-11-29T00:00:00-05:00,2024-11-29T05:00:00+00:00,2024-11-30T00:00:00-05:00,2024-11-30T05:00:00+00:00,4455850.0
2024-11-30T00:00:00-05:00,2024-11-30T05:00:00+00:00,2024-12-01T00:00:00-05:00,2024-12-01T05:00:00+00:00,2656986.0
2024-12-01T00:00:00-05:00,2024-12-01T05:00:00+00:00,2024-12-02T00:00:00-05:00,2024-12-02T05:00:00+00:00,2201004.0
2024-12-02T00:00:00-05:00,2024-12-02T05:00:00+00:00,2024-12-03T00:00:00-05:00,2024-12-03T05:00:00+00:00,2228643.0
2024-12-03T00:00:00-05:00,2024-12-03T05:00:00+00:00,2024-12-04T00:00:00-05:00,2024-12-04T05:00:00+00:00,4194677.0
2024-12-04T00:00:00-05:00,2024-12-04T05:00:00+00:00,2024-12-05T00:00:00-05:00,2024-12-05T05:00:00+00:00,6709308.0
2024-12-05T00:00:00-05:00,2024-12-05T05:00:00+00:00,2024-12-06T00:00:00-05:00,2024-12-06T05:00:00+00:00,3867532.0
2024-12-06T00:00:00-05:00,2024-12-06T05:00:00+00:00,2024-12-07T00:00:00-05:00,2024-12-07T05:00:00+00:00,3546954.0
2024-12-07T00:00:00-05:00,2024-12-07T05:00:00+00:00,2024-12-08T00:00:00-05:00,2024-12-08T05:00:00+00:00,5757069.0
2024-12-08T00:00:00-05:00,2024-12-08T05:00:00+00:00,2024-12-09T00:00:00-05:00,2024-12-09T05:00:00+00:00,4443891.0
2024-12-09T00:00:00-05:00,2024-12-09T05:00:00+00:00,2024-12-10T00:00:00-05:00,2024-12-10T05:00:00+00:00,5526890.0
2024-12-10T00:00:00-05:00,2024-12-10T05:00:00+00:00,2024-12-11T00:00:00-05:00,2024-12-11T05:00:00+00:00,3004006.0
2024-12-11T00:00:00-05:00,2024-12-11T05:00:00+00:00,2024-12-12T00:00:00-05:00,2024-12-12T05:00:00+00:00,5157550.0
2024-12-12T00:00:00-05:00,2024-12-12T05:00:00+00:00,2024-12-13T00:00:00-05:00,2024-12-13T05:00:00+00:00,1694471.0
2024-12-13T00:00:00-05:00,2024-12-13T05:00:00+00:00,2024-12-14T00:00:00-05:00,2024-12-14T05:00:00+00:00,4606599.0
2024-12-14T00:00:00-05:00,2024-12-14T05:00:00+00:00,2024-12-15T00:00:00-05:00,2024-12-15T05:00:00+00:00,3352333.0
2024-12-15T00:00:00-05:00,2024-12-15T05:00:00+00:00,2024-12-16T00:00:00-05:00,2024-12-16T05:00:00+00:00,2583046.0
2024-12-16T00:00:00-05:00,2024-12-16T05:00:00+00:00,2024-12-17T00:00:00-05:00,2024-12-17T05:00:00+00:00,5505948.0
2024-12-17T00:00:00-05:00,2024-12-17T05:00:00+00:00,2024-12-18T00:00:00-05:00,2024-12-18T05:00:00+00:00,2235645.0
2024-12-18T00:00:00-05:00,2024-12-18T05:00:00+00:00,2024-12-19T00:00:00-05:00,2024-12-19T05:00:00+00:00,2373090.0
2024-12-19T00:00:00-05:00,2024-12-19T05:00:00+00:00,2024-12-20T00:00:00-05:00,2024-12-20T05:00:00+00:00,4994834.0
2024-12-20T00:00:00-05:00,2024-12-20T05:00:00+00:00,2024-12-21T00:00:00-05:00,2024-12-21T05:00:00+00:00,3834461.0
2024-12-21T00:00:00-05:00,2024-12-21T05:00:00+00:00,2024-12-22T00:00:00-05:00,2024-12-22T05:00:00+00:00,2678967.0
2024-12-22T00:00:00-05:00,2024-12-22T05:00:00+00:00,2024-12-23T00:00:00-05:00,2024-12-23T05:00:00+00:00,4683668.0
2024-12-23T00:00:00-05:00,2024-12-23T05:00:00+00:00,2024-12-24T00:00:00-05:00,2024-12-24T05:00:00+00:00,2945334.0
2024-12-24T00:00:00-05:00,2024-12-24T05:00:00+00:00,2024-12-25T00:00:00-05:00,2024-12-25T05:00:00+00:00,863552.0
2024-12-25T00:00:00-05:00,2024-12-25T05:00:00+00:00,2024-12-26T00:00:00-05:00,2024-12-26T05:00:00+00:00,1497347.0
2024-12-26T00:00:00-05:00,2024-12-26T05:00:00+00:00,2024-12-27T00:00:00-05:00,2024-12-27T05:00:00+00:00,2648568.0
2024-12-27T00:00:00-05:00,2024-12-27T05:00:00+00:00,2024-12-28T00:00:00-05:00,2024-12-28T05:00:00+00:00,3075729.0
2024-12-28T00:00:00-05:00,2024-12-28T05:00:00+00:00,2024-12-29T00:00:00-05:00,2024-12-29T05:00:00+00:00,2969186.0
2024-12-29T00:00:00-05:00,2024-12-29T05:00:00+00:00,2024-12-30T00:00:00-05:00,2024-12-30T05:00:00+00:00,1629779.0
2024-12-30T00:00:00-05:00,2024-12-30T05:00:00+00:00,2024-12-31T00:00:00-05:00,2024-12-31T05:00:00+00:00,2183906.0
2024-12-31T00:00:00-05:00,2024-12-31T05:00:00+00:00,2025-01-01T00:00:00-05:00,2025-01-01T05:00:00+00:00,4621526.0
