interval_start_local,interval_start_utc,interval_end_local,interval_end_utc,rto
2022-12-31T00:00:00-05:00,2022-12-31T05:00:00+00:00,2023-01-01T00:00:00-05:00,2023-01-01T05:00:00+00:00,25801.092
2023-01-01T00:00:00-05:00,2023-01-01T05:00:00+00:00,2023-01-02T00:00:00-05:00,2023-01-02T05:00:00+00:00,66189.305
2023-01-02T00:00:00-05:00,2023-01-02T05:00:00+00:00,2023-01-03T00:00:00-05:00,2023-01-03T05:00:00+00:00,36272.001
2023-01-03T00:00:00-05:00,2023-01-03T05:00:00+00:00,2023-01-04T00:00:00-05:00,2023-01-04T05:00:00+00:00,114244.68
2023-01-04T00:00:00-05:00,2023-01-04T05:00:00+00:00,2023-01-05T00:00:00-05:00,2023-01-05T05:00:00+00:00,94890.663
2023-01-05T00:00:00-05:00,2023-01-05T05:00:00+00:00,2023-01-06T00:00:00-05:00,2023-01-06T05:00:00+00:00,100559.699
2023-01-06T00:00:00-05:00,2023-01-06T05:00:00+00:00,2023-01-07T00:00:00-05:00,2023-01-07T05:00:00+00:00,58694.683
2023-01-07T00:00:00-05:00,2023-01-07T05:00:00+00:00,2023-01-08T00:00:00-05:00,2023-01-08T05:00:00+00:00,31247.889
2023-01-08T00:00:00-05:00,2023-01-08T05:00:00+00:00,2023-01-09T00:00:00-05:00,2023-01-09T05:00:00+00:00,17937.382
2023-01-09T00:00:00-05:00,2023-01-09T05:00:00+00:00,2023-01-10T00:00:00-05:00,2023-01-10T05:00:00+00:00,93634.616
2023-01-10T00:00:00-05:00,2023-01-10T05:00:00+00:00,2023-01-11T00:00:00-05:00,2023-01-11T05:00:00+00:00,56996.223
2023-01-11T00:00:00-05:00,2023-01-11T05:00:00+00:00,2023-01-12T00:00:00-05:00,2023-01-12T05:00:00+00:00,49219.511
2023-01-12T00:00:00-05:00,2023-01-12T05:00:00+00:00,2023-01-13T00:00:00-05:00,2023-01-13T05:00:00+00:00,152112.093
2023-01-13T00:00:00-05:00,2023-01-13T05:00:00+00:00,2023-01-14T00:00:00-05:00,2023-01-14T05:00:00+00:00,145276.329
2023-01-14T00:00:00-05:00,2023-01-14T05:00:00+00:00,2023-01-15T00:00:00-05:00,2023-01-15T05:00:00+00:00,58932.911
2023-01-15T00:00:00-05:00,2023-01-15T05:00:00+00:00,2023-01-16T00:00:00-05:00,2023-01-16T05:00:00+00:00,149837.674
2023-01-16T00:00:00-05:00,2023-01-16T05:00:00+00:00,2023-01-17T00:00:00-05:00,2023-01-17T05:00:00+00:00,173219.686
2023-01-17T00:00:00-05:00,2023-01-17T05:00:00+00:00,2023-01-18T00:00:00-05:00,2023-01-18T05:00:00+00:00,174327.759
2023-01-18T00:00:00-05:00,2023-01-18T05:00:00+00:00,2023-01-19T00:00:00-05:00,2023-01-19T05:00:00+00:00,107561.994
2023-01-19T00:00:00-05:00,2023-01-19T05:00:00+00:00,2023-01-20T00:00:00-05:00,2023-01-20T05:00:00+00:00,146176.324
2023-01-20T00:00:00-05:00,2023-01-20T05:00:00+00:00,2023-01-21T00:00:00-05:00,2023-01-21T05:00:00+00:00,169903.318
2023-01-21T00:00:00-05:00,2023-01-21T05:00:00+00:00,2023-01-22T00:00:00-05:00,2023-01-22T05:00:00+00:00,22617.921
2023-01-22T00:00:00-05:00,2023-01-22T05:00:00+00:00,2023-01-23T00:00:00-05:00,2023-01-23T05:00:00+00:00,29962.897
2023-01-23T00:00:00-05:00,2023-01-23T05:00:00+00:00,2023-01-24T00:00:00-05:00,2023-01-24T05:00:00+00:00,113541.638
2023-01-24T00:00:00-05:00,2023-01-24T05:00:00+00:00,2023-01-25T00:00:00-05:00,2023-01-25T05:00:00+00:00,49170.419
2023-01-25T00:00:00-05:00,2023-01-25T05:00:00+00:00,2023-01-26T00:00:00-05:00,2023-01-26T05:00:00+00:00,102647.227
2023-01-26T00:00:00-05:00,2023-01-26T05:00:00+00:00,2023-01-27T00:00:00-05:00,2023-01-27T05:00:00+00:00,174111.612
2023-01-27T00:00:00-05:00,2023-01-27T05:00:00+00:00,2023-01-28T00:00:00-05:00,2023-01-28T05:00:00+00:00,177187.695
2023-01-28T00:00:00-05:00,2023-01-28T05:00:00+00:00,2023-01-29T00:00:00-05:00,2023-01-29T05:00:00+00:00,82057.558
2023-01-29T00:00:00-05:00,2023-01-29T05:00:00+00:00,2023-01-30T00:00:00-05:00,2023-01-30T05:00:00+00:00,79220.881
2023-01-30T00:00:00-05:00,2023-01-30T05:00:00+00:00,2023-01-31T00:00:00-05:00,2023-01-31T05:00:00+00:00,66351.729
2023-01-31T00:00:00-05:00,2023-01-31T05:00:00+00:00,2023-02-01T00:00:00-05:00,2023-02-01T05:00:00+00:00,18581.003
2023-02-01T00:00:00-05:00,2023-02-01T05:00:00+00:00,2023-02-02T00:00:00-05:00,2023-02-02T05:00:00+00:00,58146.978
2023-02-02T00:00:00-05:00,2023-02-02T05:00:00+00:00,2023-02-03T00:00:00-05:00,2023-02-03T05:00:00+00:00,155031.399
2023-02-03T00:00:00-05:00,2023-02-03T05:00:00+00:00,2023-02-04T00:00:00-05:00,2023-02-04T05:00:00+00:00,105628.649
2023-02-04T00:00:00-05:00,2023-02-04T05:00:00+00:00,2023-02-05T00:00:00-05:00,2023-02-05T05:00:00+00:00,156874.712
2023-02-05T00:00:00-05:00,2023-02-05T05:00:00+00:00,2023-02-06T00:00:00-05:00,2023-02-06T05:00:00+00:00,165963.433
2023-02-06T00:00:00-05:00,2023-02-06T05:00:00+00:00,2023-02-07T00:00:00-05:00,2023-02-07T05:00:00+00:00,119098.821
2023-02-07T00:00:00-05:00,2023-02-07T05:00:00+00:00,2023-02-08T00:00:00-05:00,2023-02-08T05:00:00+00:00,158379.233
2023-02-08T00:00:00-05:00,2023-02-08T05:00:00+00:00,2023-02-09T00:00:00-05:00,2023-02-09T05:00:00+00:00,49104.312
2023-02-09T00:00:00-05:00,2023-02-09T05:00:00+00:00,2023-02-10T00:00:00-05:00,2023-02-10T05:00:00+00:00,188481.418
2023-02-10T00:00:00-05:00,2023-02-10T05:00:00+00:00,2023-02-11T00:00:00-05:00,2023-02-11T05:00:00+00:00,121636.376
2023-02-11T00:00:00-05:00,2023-02-11T05:00:00+00:00,2023-02-12T00:00:00-05:00,2023-02-12T05:00:00+00:00,36726.461
2023-02-12T00:00:00-05:00,2023-02-12T05:00:00+00:00,2023-02-13T00:00:00-05:00,2023-02-13T05:00:00+00:00,62883.257
2023-02-13T00:00:00-05:00,2023-02-13T05:00:00+00:00,2023-02-14T00:00:00-05:00,2023-02-14T05:00:00+00:00,115350.64
2023-02-14T00:00:00-05:00,2023-02-14T05:00:00+00:00,2023-02-15T00:00:00-05:00,2023-02-15T05:00:00+00:00,164739.999
2023-02-15T00:00:00-05:00,2023-02-15T05:00:00+00:00,2023-02-16T00:00:00-05:00,2023-02-16T05:00:00+00:00,175131.137
2023-02-16T00:00:00-05:00,2023-02-16T05:00:00+00:00,2023-02-17T00:00:00-05:00,2023-02-17T05:00:00+00:00,122031.948
2023-02-17T00:00:00-05:00,2023-02-17T05:00:00+00:00,2023-02-18T00:00:00-05:00,2023-02-18T05:00:00+00:00,121378.423
2023-02-18T00:00:00-05:00,2023-02-18T05:00:00+00:00,2023-02-19T00:00:00-05:00,2023-02-19T05:00:00+00:00,178456.933
2023-02-19T00:00:00-05:00,2023-02-19T05:00:00+00:00,2023-02-20T00:00:00-05:00,2023-02-20T05:00:00+00:00,166589.549
2023-02-20T00:00:00-05:00,2023-02-20T05:00:00+00:00,2023-02-21T00:00:00-05:00,2023-02-21T05:00:00+00:00,64622.577
2023-02-21T00:00:00-05:00,2023-02-21T05:00:00+00:00,2023-02-22T00:00:00-05:00,2023-02-22T05:00:00+00:00,134262.828
2023-02-22T00:00:00-05:00,2023-02-22T05:00:00+00:00,2023-02-23T00:00:00-05:00,2023-02-23T05:00:00+00:00,130786.898
2023-02-23T00:00:00-05:00,2023-02-23T05:00:00+00:00,2023-02-24T00:00:00-05:00,2023-02-24T05:00:00+00:00,173871.64
2023-02-24T00:00:00-05:00,2023-02-24T05:00:00+00:00,2023-02-25T00:00:00-05:00,2023-02-25T05:00:00+00:00,81412.682
2023-02-25T00:00:00-05:00,2023-02-25T05:00:00+00:00,2023-02-26T00:00:00-05:00,2023-02-26T05:00:00+00:00,44802.436
2023-02-26T00:00:00-05:00,2023-02-26T05:00:00+00:00,2023-02-27T00:00:00-05:00,2023-02-27T05:00:00+00:00,88091.086
2023-02-27T00:00:00-05:00,2023-02-27T05:00:00+00:00,2023-02-28T00:00:00-05:00,2023-02-28T05:00:00+00:00,195184.172
2023-02-28T00:00:00-05:00,2023-02-28T05:00:00+00:00,2023-03-01T00:00:00-05:00,2023-03-01T05:00:00+00:00,105404.797
2023-03-01T00:00:00-05:00,2023-03-01T05:00:00+00:00,2023-03-02T00:00:00-05:00,2023-03-02T05:00:00+00:00,85026.92
2023-03-02T00:00:00-05:00,2023-03-02T05:00:00+00:00,2023-03-03T00:00:00-05:00,2023-03-03T05:00:00+00:00,85922.091
2023-03-03T00:00:00-05:00,2023-03-03T05:00:00+00:00,2023-03-04T00:00:00-05:00,2023-03-04T05:00:00+00:00,152694.307
2023-03-04T00:00:00-05:00,2023-03-04T05:00:00+00:00,2023-03-05T00:00:00-05:00,2023-03-05T05:00:00+00:00,61825.741
2023-03-05T00:00:00-05:00,2023-03-05T05:00:00+00:00,2023-03-06T00:00:00-05:00,2023-03-06T05:00:00+00:00,89147.756
2023-03-06T00:00:00-05:00,2023-03-06T05:00:00+00:00,2023-03-07T00:00:00-05:00,2023-03-07T05:00:00+00:00,106866.946
2023-03-07T00:00:00-05:00,2023-03-07T05:00:00+00:00,2023-03-08T00:00:00-05:00,2023-03-08T05:00:00+00:00,150690.396
2023-03-08T00:00:00-05:00,2023-03-08T05:00:00+00:00,2023-03-09T00:00:00-05:00,2023-03-09T05:00:00+00:00,153853.116
2023-03-09T00:00:00-05:00,2023-03-09T05:00:00+00:00,2023-03-10T00:00:00-05:00,2023-03-10T05:00:00+00:00,112136.459
2023-03-10T00:00:00-05:00,2023-03-10T05:00:00+00:00,2023-03-11T00:00:00-05:00,2023-03-11T05:00:00+00:00,110837.418
2023-03-11T00:00:00-05:00,2023-03-11T05:00:00+00:00,2023-03-12T00:00:00-05:00,2023-03-12T05:00:00+00:00,67678.193
2023-03-12T00:00:00-05:00,2023-03-12T05:00:00+00:00,2023-03-13T00:00:00-04:00,2023-03-13T04:00:00+00:00,58094.62
2023-03-13T00:00:00-04:00,2023-03-13T04:00:00+00:00,2023-03-14T00:00:00-04:00,2023-03-14T04:00:00+00:00,122782.22
2023-03-14T00:00:00-04:00,2023-03-14T04:00:00+00:00,2023-03-15T00:00:00-04:00,2023-03-15T04:00:00+00:00,89116.62
2023-03-15T00:00:00-04:00,2023-03-15T04:00:00+00:00,2023-03-16T00:00:00-04:00,2023-03-16T04:00:00+00:00,119751.761
2023-03-16T00:00:00-04:00,2023-03-16T04:00:00+00:00,2023-03-17T00:00:00-04:00,2023-03-17T04:00:00+00:00,170626.696
2023-03-17T00:00:00-04:00,2023-03-17T04:00:00+00:00,2023-03-18T00:00:00-04:00,2023-03-18T04:00:00+00:00,204569.09
2023-03-18T00:00:00-04:00,2023-03-18T04:00:00+00:00,2023-03-19T00:00:00-04:00,2023-03-19T04:00:00+00:00,189109.782
2023-03-19T00:00:00-04:00,2023-03-19T04:00:00+00:00,2023-03-20T00:00:00-04:00,2023-03-20T04:00:00+00:00,122511.811
2023-03-20T00:00:00-04:00,2023-03-20T04:00:00+00:00,2023-03-21T00:00:00-04:00,2023-03-21T04:00:00+00:00,175054.016
2023-03-21T00:00:00-04:00,2023-03-21T04:00:00+00:00,2023-03-22T00:00:00-04:00,2023-03-22T04:00:00+00:00,138966.778
2023-03-22T00:00:00-04:00,2023-03-22T04:00:00+00:00,2023-03-23T00:00:00-04:00,2023-03-23T04:00:00+00:00,86121.554
2023-03-23T00:00:00-04:00,2023-03-23T04:00:00+00:00,2023-03-24T00:00:00-04:00,2023-03-24T04:00:00+00:00,92961.313
2023-03-24T00:00:00-04:00,2023-03-24T04:00:00+00:00,2023-03-25T00:00:00-04:00,2023-03-25T04:00:00+00:00,94759.926
2023-03-25T00:00:00-04:00,2023-03-25T04:00:00+00:00,2023-03-26T00:00:00-04:00,2023-03-26T04:00:00+00:00,157798.828
2023-03-26T00:00:00-04:00,2023-03-26T04:00:00+00:00,2023-03-27T00:00:00-04:00,2023-03-27T04:00:00+00:00,95935.372
2023-03-27T00:00:00-04:00,2023-03-27T04:00:00+00:00,2023-03-28T00:00:00-04:00,2023-03-28T04:00:00+00:00,59347.88
2023-03-28T00:00:00-04:00,2023-03-28T04:00:00+00:00,2023-03-29T00:00:00-04:00,2023-03-29T04:00:00+00:00,27264.045
2023-03-29T00:00:00-04:00,2023-03-29T04:00:00+00:00,2023-03-30T00:00:00-04:00,2023-03-30T04:00:00+00:00,97790.346
2023-03-30T00:00:00-04:00,2023-03-30T04:00:00+00:00,2023-03-31T00:00:00-04:00,2023-03-31T04:00:00+00:00,106358.404
2023-03-31T00:00:00-04:00,2023-03-31T04:00:00+00:00,2023-04-01T00:00:00-04:00,2023-04-01T04:00:00+00:00,187820.105
2023-04-01T00:00:00-04:00,2023-04-01T04:00:00+00:00,2023-04-02T00:00:00-04:00,2023-04-02T04:00:00+00:00,160241.935
2023-04-02T00:00:00-04:00,2023-04-02T04:00:00+00:00,2023-04-03T00:00:00-04:00,2023-04-03T04:00:00+00:00,97179.691
2023-04-03T00:00:00-04:00,2023-04-03T04:00:00+00:00,2023-04-04T00:00:00-04:00,2023-04-04T04:00:00+00:00,95697.905
2023-04-04T00:00:00-04:00,2023-04-04T04:00:00+00:00,2023-04-05T00:00:00-04:00,2023-04-05T04:00:00+00:00,123472.024
2023-04-05T00:00:00-04:00,2023-04-05T04:00:00+00:00,2023-04-06T00:00:00-04:00,2023-04-06T04:00:00+00:00,157155.719
2023-04-06T00:00:00-04:00,2023-04-06T04:00:00+00:00,2023-04-07T00:00:00-04:00,2023-04-07T04:00:00+00:00,67712.728
2023-04-07T00:00:00-04:00,2023-04-07T04:00:00+00:00,2023-04-08T00:00:00-04:00,2023-04-08T04:00:00+00:00,58380.244
2023-04-08T00:00:00-04:00,2023-04-08T04:00:00+00:00,2023-04-09T00:00:00-04:00,2023-04-09T04:00:00+00:00,48682.815
2023-04-09T00:00:00-04:00,2023-04-09T04:00:00+00:00,2023-04-10T00:00:00-04:00,2023-04-10T04:00:00+00:00,40722.347
2023-04-10T00:00:00-04:00,2023-04-10T04:00:00+00:00,2023-04-11T00:00:00-04:00,2023-04-11T04:00:00+00:00,45414.028
2023-04-11T00:00:00-04:00,2023-04-11T04:00:00+00:00,2023-04-12T00:00:00-04:00,2023-04-12T04:00:00+00:00,97494.827
2023-04-12T00:00:00-04:00,2023-04-12T04:00:00+00:00,2023-04-13T00:00:00-04:00,2023-04-13T04:00:00+00:00,157714.686
2023-04-13T00:00:00-04:00,2023-04-13T04:00:00+00:00,2023-04-14T00:00:00-04:00,2023-04-14T04:00:00+00:00,79875.167
2023-04-14T00:00:00-04:00,2023-04-14T04:00:00+00:00,2023-04-15T00:00:00-04:00,2023-04-15T04:00:00+00:00,46206.427
2023-04-15T00:00:00-04:00,2023-04-15T04:00:00+00:00,2023-04-16T00:00:00-04:00,2023-04-16T04:00:00+00:00,87929.406
2023-04-16T00:00:00-04:00,2023-04-16T04:00:00+00:00,2023-04-17T00:00:00-04:00,2023-04-17T04:00:00+00:00,149937.074
2023-04-17T00:00:00-04:00,2023-04-17T04:00:00+00:00,2023-04-18T00:00:00-04:00,2023-04-18T04:00:00+00:00,172664.928
2023-04-18T00:00:00-04:00,2023-04-18T04:00:00+00:00,2023-04-19T00:00:00-04:00,2023-04-19T04:00:00+00:00,73999.27
2023-04-19T00:00:00-04:00,2023-04-19T04:00:00+00:00,2023-04-20T00:00:00-04:00,2023-04-20T04:00:00+00:00,129950.228
2023-04-20T00:00:00-04:00,2023-04-20T04:00:00+00:00,2023-04-21T00:00:00-04:00,2023-04-21T04:00:00+00:00,150129.341
2023-04-21T00:00:00-04:00,2023-04-21T04:00:00+00:00,2023-04-22T00:00:00-04:00,2023-04-22T04:00:00+00:00,76255.888
2023-04-22T00:00:00-04:00,2023-04-22T04:00:00+00:00,2023-04-23T00:00:00-04:00,2023-04-23T04:00:00+00:00,119430.334
2023-04-23T00:00:00-04:00,2023-04-23T04:00:00+00:00,2023-04-24T00:00:00-04:00,2023-04-24T04:00:00+00:00,69933.6
2023-04-24T00:00:00-04:00,2023-04-24T04:00:00+00:00,2023-04-25T00:00:00-04:00,2023-04-25T04:00:00+00:00,36907.921
2023-04-25T00:00:00-04:00,2023-04-25T04:00:00+00:00,2023-04-26T00:00:00-04:00,2023-04-26T04:00:00+00:00,52433.725
2023-04-26T00:00:00-04:00,2023-04-26T04:00:00+00:00,2023-04-27T00:00:00-04:00,2023-04-27T04:00:00+00:00,37428.588
2023-04-27T00:00:00-04:00,2023-04-27T04:00:00+00:00,2023-04-28T00:00:00-04:00,2023-04-28T04:00:00+00:00,63202.102
2023-04-28T00:00:00-04:00,2023-04-28T04:00:00+00:00,2023-04-29T00:00:00-04:00,2023-04-29T04:00:00+00:00,74982.408
2023-04-29T00:00:00-04:00,2023-04-29T04:00:00+00:00,2023-04-30T00:00:00-04:00,2023-04-30T04:00:00+00:00,84871.063
2023-04-30T00:00:00-04:00,2023-04-30T04:00:00+00:00,2023-05-01T00:00:00-04:00,2023-05-01T04:00:00+00:00,141672.574
2023-05-01T00:00:00-04:00,2023-05-01T04:00:00+00:00,2023-05-02T00:00:00-04:00,2023-05-02T04:00:00+00:00,196782.858
2023-05-02T00:00:00-04:00,2023-05-02T04:00:00+00:00,2023-05-03T00:00:00-04:00,2023-05-03T04:00:00+00:00,167405.418
2023-05-03T00:00:00-04:00,2023-05-03T04:00:00+00:00,2023-05-04T00:00:00-04:00,2023-05-04T04:00:00+00:00,92240.225
2023-05-04T00:00:00-04:00,2023-05-04T04:00:00+00:00,2023-05-05T00:00:00-04:00,2023-05-05T04:00:00+00:00,37598.206
2023-05-05T00:00:00-04:00,2023-05-05T04:00:00+00:00,2023-05-06T00:00:00-04:00,2023-05-06T04:00:00+00:00,99766.46
2023-05-06T00:00:00-04:00,2023-05-06T04:00:00+00:00,2023-05-07T00:00:00-04:00,2023-05-07T04:00:00+00:00,105501.045
2023-05-07T00:00:00-04:00,2023-05-07T04:00:00+00:00,2023-05-08T00:00:00-04:00,2023-05-08T04:00:00+00:00,79405.636
2023-05-08T00:00:00-04:00,2023-05-08T04:00:00+00:00,2023-05-09T00:00:00-04:00,2023-05-09T04:00:00+00:00,76322.657
2023-05-09T00:00:00-04:00,2023-05-09T04:00:00+00:00,2023-05-10T00:00:00-04:00,2023-05-10T04:00:00+00:00,34998.198
2023-05-10T00:00:00-04:00,2023-05-10T04:00:00+00:00,2023-05-11T00:00:00-04:00,2023-05-11T04:00:00+00:00,40974.508
2023-05-11T00:00:00-04:00,2023-05-11T04:00:00+00:00,2023-05-12T00:00:00-04:00,2023-05-12T04:00:00+00:00,41615.181
2023-05-12T00:00:00-04:00,2023-05-12T04:00:00+00:00,2023-05-13T00:00:00-04:00,2023-05-13T04:00:00+00:00,33199.937
2023-05-13T00:00:00-04:00,2023-05-13T04:00:00+00:00,2023-05-14T00:00:00-04:00,2023-05-14T04:00:00+00:00,35509.964
2023-05-14T00:00:00-04:00,2023-05-14T04:00:00+00:00,2023-05-15T00:00:00-04:00,2023-05-15T04:00:00+00:00,106553.807
2023-05-15T00:00:00-04:00,2023-05-15T04:00:00+00:00,2023-05-16T00:00:00-04:00,2023-05-16T04:00:00+00:00,37549.777
2023-05-16T00:00:00-04:00,2023-05-16T04:00:00+00:00,2023-05-17T00:00:00-04:00,2023-05-17T04:00:00+00:00,40632.655
2023-05-17T00:00:00-04:00,2023-05-17T04:00:00+00:00,2023-05-18T00:00:00-04:00,2023-05-18T04:00:00+00:00,73217.051
2023-05-18T00:00:00-04:00,2023-05-18T04:00:00+00:00,2023-05-19T00:00:00-04:00,2023-05-19T04:00:00+00:00,68993.712
2023-05-19T00:00:00-04:00,2023-05-19T04:00:00+00:00,2023-05-20T00:00:00-04:00,2023-05-20T04:00:00+00:00,116729.298
2023-05-20T00:00:00-04:00,2023-05-20T04:00:00+00:00,2023-05-21T00:00:00-04:00,2023-05-21T04:00:00+00:00,65630.393
2023-05-21T00:00:00-04:00,2023-05-21T04:00:00+00:00,2023-05-22T00:00:00-04:00,2023-05-22T04:00:00+00:00,28229.917
2023-05-22T00:00:00-04:00,2023-05-22T04:00:00+00:00,2023-05-23T00:00:00-04:00,2023-05-23T04:00:00+00:00,15561.747
2023-05-23T00:00:00-04:00,2023-05-23T04:00:00+00:00,2023-05-24T00:00:00-04:00,2023-05-24T04:00:00+00:00,23388.554
2023-05-24T00:00:00-04:00,2023-05-24T04:00:00+00:00,2023-05-25T00:00:00-04:00,2023-05-25T04:00:00+00:00,63919.27
2023-05-25T00:00:00-04:00,2023-05-25T04:00:00+00:00,2023-05-26T00:00:00-04:00,2023-05-26T04:00:00+00:00,112784.199
2023-05-26T00:00:00-04:00,2023-05-26T04:00:00+00:00,2023-05-27T00:00:00-04:00,2023-05-27T04:00:00+00:00,79176.372
2023-05-27T00:00:00-04:00,2023-05-27T04:00:00+00:00,2023-05-28T00:00:00-04:00,2023-05-28T04:00:00+00:00,61873.611
2023-05-28T00:00:00-04:00,2023-05-28T04:00:00+00:00,2023-05-29T00:00:00-04:00,2023-05-29T04:00:00+00:00,36076.617
2023-05-29T00:00:00-04:00,2023-05-29T04:00:00+00:00,2023-05-30T00:00:00-04:00,2023-05-30T04:00:00+00:00,25561.753
2023-05-30T00:00:00-04:00,2023-05-30T04:00:00+00:00,2023-05-31T00:00:00-04:00,2023-05-31T04:00:00+00:00,30353.134
2023-05-31T00:00:00-04:00,2023-05-31T04:00:00+00:00,2023-06-01T00:00:00-04:00,2023-06-01T04:00:00+00:00,34467.09
2023-06-01T00:00:00-04:00,2023-06-01T04:00:00+00:00,2023-06-02T00:00:00-04:00,2023-06-02T04:00:00+00:00,24409.203
2023-06-02T00:00:00-04:00,2023-06-02T04:00:00+00:00,2023-06-03T00:00:00-04:00,2023-06-03T04:00:00+00:00,33636.728
2023-06-03T00:00:00-04:00,2023-06-03T04:00:00+00:00,2023-06-04T00:00:00-04:00,2023-06-04T04:00:00+00:00,64282.059
2023-06-04T00:00:00-04:00,2023-06-04T04:00:00+00:00,2023-06-05T00:00:00-04:00,2023-06-05T04:00:00+00:00,73172.756
2023-06-05T00:00:00-04:00,2023-06-05T04:00:00+00:00,2023-06-06T00:00:00-04:00,2023-06-06T04:00:00+00:00,35045.302
2023-06-06T00:00:00-04:00,2023-06-06T04:00:00+00:00,2023-06-07T00:00:00-04:00,2023-06-07T04:00:00+00:00,45598.416
2023-06-07T00:00:00-04:00,2023-06-07T04:00:00+00:00,2023-06-08T00:00:00-04:00,2023-06-08T04:00:00+00:00,40252.615
2023-06-08T00:00:00-04:00,2023-06-08T04:00:00+00:00,2023-06-09T00:00:00-04:00,2023-06-09T04:00:00+00:00,34342.856
2023-06-09T00:00:00-04:00,2023-06-09T04:00:00+00:00,2023-06-10T00:00:00-04:00,2023-06-10T04:00:00+00:00,21860.018
2023-06-10T00:00:00-04:00,2023-06-10T04:00:00+00:00,2023-06-11T00:00:00-04:00,2023-06-11T04:00:00+00:00,23918.38
2023-06-11T00:00:00-04:00,2023-06-11T04:00:00+00:00,2023-06-12T00:00:00-04:00,2023-06-12T04:00:00+00:00,88850.694
2023-06-12T00:00:00-04:00,2023-06-12T04:00:00+00:00,2023-06-13T00:00:00-04:00,2023-06-13T04:00:00+00:00,86697.326
2023-06-13T00:00:00-04:00,2023-06-13T04:00:00+00:00,2023-06-14T00:00:00-04:00,2023-06-14T04:00:00+00:00,99538.986
2023-06-14T00:00:00-04:00,2023-06-14T04:00:00+00:00,2023-06-15T00:00:00-04:00,2023-06-15T04:00:00+00:00,47187.103
2023-06-15T00:00:00-04:00,2023-06-15T04:00:00+00:00,2023-06-16T00:00:00-04:00,2023-06-16T04:00:00+00:00,50704.941
2023-06-16T00:00:00-04:00,2023-06-16T04:00:00+00:00,2023-06-17T00:00:00-04:00,2023-06-17T04:00:00+00:00,42480.515
2023-06-17T00:00:00-04:00,2023-06-17T04:00:00+00:00,2023-06-18T00:00:00-04:00,2023-06-18T04:00:00+00:00,29681.124
2023-06-18T00:00:00-04:00,2023-06-18T04:00:00+00:00,2023-06-19T00:00:00-04:00,2023-06-19T04:00:00+00:00,37477.469
2023-06-19T00:00:00-04:00,2023-06-19T04:00:00+00:00,2023-06-20T00:00:00-04:00,2023-06-20T04:00:00+00:00,53375.547
2023-06-20T00:00:00-04:00,2023-06-20T04:00:00+00:00,2023-06-21T00:00:00-04:00,2023-06-21T04:00:00+00:00,93221.508
2023-06-21T00:00:00-04:00,2023-06-21T04:00:00+00:00,2023-06-22T00:00:00-04:00,2023-06-22T04:00:00+00:00,96318.514
2023-06-22T00:00:00-04:00,2023-06-22T04:00:00+00:00,2023-06-23T00:00:00-04:00,2023-06-23T04:00:00+00:00,52660.366
2023-06-23T00:00:00-04:00,2023-06-23T04:00:00+00:00,2023-06-24T00:00:00-04:00,2023-06-24T04:00:00+00:00,12965.813
2023-06-24T00:00:00-04:00,2023-06-24T04:00:00+00:00,2023-06-25T00:00:00-04:00,2023-06-25T04:00:00+00:00,23968.865
2023-06-25T00:00:00-04:00,2023-06-25T04:00:00+00:00,2023-06-26T00:00:00-04:00,2023-06-26T04:00:00+00:00,118315.308
2023-06-26T00:00:00-04:00,2023-06-26T04:00:00+00:00,2023-06-27T00:00:00-04:00,2023-06-27T04:00:00+00:00,129232.565
2023-06-27T00:00:00-04:00,2023-06-27T04:00:00+00:00,2023-06-28T00:00:00-04:00,2023-06-28T04:00:00+00:00,57677.586
2023-06-28T00:00:00-04:00,2023-06-28T04:00:00+00:00,2023-06-29T00:00:00-04:00,2023-06-29T04:00:00+00:00,45064.415
2023-06-29T00:00:00-04:00,2023-06-29T04:00:00+00:00,2023-06-30T00:00:00-04:00,2023-06-30T04:00:00+00:00,71724.769
2023-06-30T00:00:00-04:00,2023-06-30T04:00:00+00:00,2023-07-01T00:00:00-04:00,2023-07-01T04:00:00+00:00,25128.563
2023-07-01T00:00:00-04:00,2023-07-01T04:00:00+00:00,2023-07-02T00:00:00-04:00,2023-07-02T04:00:00+00:00,24181.624
2023-07-02T00:00:00-04:00,2023-07-02T04:00:00+00:00,2023-07-03T00:00:00-04:00,2023-07-03T04:00:00+00:00,41211.902
2023-07-03T00:00:00-04:00,2023-07-03T04:00:00+00:00,2023-07-04T00:00:00-04:00,2023-07-04T04:00:00+00:00,26385.85
2023-07-04T00:00:00-04:00,2023-07-04T04:00:00+00:00,2023-07-05T00:00:00-04:00,2023-07-05T04:00:00+00:00,16885.025
2023-07-05T00:00:00-04:00,2023-07-05T04:00:00+00:00,2023-07-06T00:00:00-04:00,2023-07-06T04:00:00+00:00,30812.175
2023-07-06T00:00:00-04:00,2023-07-06T04:00:00+00:00,2023-07-07T00:00:00-04:00,2023-07-07T04:00:00+00:00,26152.936
2023-07-07T00:00:00-04:00,2023-07-07T04:00:00+00:00,2023-07-08T00:00:00-04:00,2023-07-08T04:00:00+00:00,18800.6
2023-07-08T00:00:00-04:00,2023-07-08T04:00:00+00:00,2023-07-09T00:00:00-04:00,2023-07-09T04:00:00+00:00,18692.321
2023-07-09T00:00:00-04:00,2023-07-09T04:00:00+00:00,2023-07-10T00:00:00-04:00,2023-07-10T04:00:00+00:00,12062.039
2023-07-10T00:00:00-04:00,2023-07-10T04:00:00+00:00,2023-07-11T00:00:00-04:00,2023-07-11T04:00:00+00:00,28185.926
2023-07-11T00:00:00-04:00,2023-07-11T04:00:00+00:00,2023-07-12T00:00:00-04:00,2023-07-12T04:00:00+00:00,59805.66
2023-07-12T00:00:00-04:00,2023-07-12T04:00:00+00:00,2023-07-13T00:00:00-04:00,2023-07-13T04:00:00+00:00,69016.614
2023-07-13T00:00:00-04:00,2023-07-13T04:00:00+00:00,2023-07-14T00:00:00-04:00,2023-07-14T04:00:00+00:00,31484.434
2023-07-14T00:00:00-04:00,2023-07-14T04:00:00+00:00,2023-07-15T00:00:00-04:00,2023-07-15T04:00:00+00:00,30456.647
2023-07-15T00:00:00-04:00,2023-07-15T04:00:00+00:00,2023-07-16T00:00:00-04:00,2023-07-16T04:00:00+00:00,33684.14
2023-07-16T00:00:00-04:00,2023-07-16T04:00:00+00:00,2023-07-17T00:00:00-04:00,2023-07-17T04:00:00+00:00,43910.561
2023-07-17T00:00:00-04:00,2023-07-17T04:00:00+00:00,2023-07-18T00:00:00-04:00,2023-07-18T04:00:00+00:00,39499.417
2023-07-18T00:00:00-04:00,2023-07-18T04:00:00+00:00,2023-07-19T00:00:00-04:00,2023-07-19T04:00:00+00:00,15234.844
2023-07-19T00:00:00-04:00,2023-07-19T04:00:00+00:00,2023-07-20T00:00:00-04:00,2023-07-20T04:00:00+00:00,12041.81
2023-07-20T00:00:00-04:00,2023-07-20T04:00:00+00:00,2023-07-21T00:00:00-04:00,2023-07-21T04:00:00+00:00,60026.868
2023-07-21T00:00:00-04:00,2023-07-21T04:00:00+00:00,2023-07-22T00:00:00-04:00,2023-07-22T04:00:00+00:00,38108.869
2023-07-22T00:00:00-04:00,2023-07-22T04:00:00+00:00,2023-07-23T00:00:00-04:00,2023-07-23T04:00:00+00:00,7225.601
2023-07-23T00:00:00-04:00,2023-07-23T04:00:00+00:00,2023-07-24T00:00:00-04:00,2023-07-24T04:00:00+00:00,13097.218
2023-07-24T00:00:00-04:00,2023-07-24T04:00:00+00:00,2023-07-25T00:00:00-04:00,2023-07-25T04:00:00+00:00,7026.499
2023-07-25T00:00:00-04:00,2023-07-25T04:00:00+00:00,2023-07-26T00:00:00-04:00,2023-07-26T04:00:00+00:00,18157.064
2023-07-26T00:00:00-04:00,2023-07-26T04:00:00+00:00,2023-07-27T00:00:00-04:00,2023-07-27T04:00:00+00:00,87552.067
2023-07-27T00:00:00-04:00,2023-07-27T04:00:00+00:00,2023-07-28T00:00:00-04:00,2023-07-28T04:00:00+00:00,33898.182
2023-07-28T00:00:00-04:00,2023-07-28T04:00:00+00:00,2023-07-29T00:00:00-04:00,2023-07-29T04:00:00+00:00,65932.15
2023-07-29T00:00:00-04:00,2023-07-29T04:00:00+00:00,2023-07-30T00:00:00-04:00,2023-07-30T04:00:00+00:00,54676.959
2023-07-30T00:00:00-04:00,2023-07-30T04:00:00+00:00,2023-07-31T00:00:00-04:00,2023-07-31T04:00:00+00:00,22414.355
2023-07-31T00:00:00-04:00,2023-07-31T04:00:00+00:00,2023-08-01T00:00:00-04:00,2023-08-01T04:00:00+00:00,11656.865
2023-08-01T00:00:00-04:00,2023-08-01T04:00:00+00:00,2023-08-02T00:00:00-04:00,2023-08-02T04:00:00+00:00,17050.566
2023-08-02T00:00:00-04:00,2023-08-02T04:00:00+00:00,2023-08-03T00:00:00-04:00,2023-08-03T04:00:00+00:00,30314.267
2023-08-03T00:00:00-04:00,2023-08-03T04:00:00+00:00,2023-08-04T00:00:00-04:00,2023-08-04T04:00:00+00:00,7532.642
2023-08-04T00:00:00-04:00,2023-08-04T04:00:00+00:00,2023-08-05T00:00:00-04:00,2023-08-05T04:00:00+00:00,17893.855
2023-08-05T00:00:00-04:00,2023-08-05T04:00:00+00:00,2023-08-06T00:00:00-04:00,2023-08-06T04:00:00+00:00,78480.238
2023-08-06T00:00:00-04:00,2023-08-06T04:00:00+00:00,2023-08-07T00:00:00-04:00,2023-08-07T04:00:00+00:00,39550.882
2023-08-07T00:00:00-04:00,2023-08-07T04:00:00+00:00,2023-08-08T00:00:00-04:00,2023-08-08T04:00:00+00:00,46812.004
2023-08-08T00:00:00-04:00,2023-08-08T04:00:00+00:00,2023-08-09T00:00:00-04:00,2023-08-09T04:00:00+00:00,51614.241
2023-08-09T00:00:00-04:00,2023-08-09T04:00:00+00:00,2023-08-10T00:00:00-04:00,2023-08-10T04:00:00+00:00,27767.219
2023-08-10T00:00:00-04:00,2023-08-10T04:00:00+00:00,2023-08-11T00:00:00-04:00,2023-08-11T04:00:00+00:00,32474.453
2023-08-11T00:00:00-04:00,2023-08-11T04:00:00+00:00,2023-08-12T00:00:00-04:00,2023-08-12T04:00:00+00:00,74194.004
2023-08-12T00:00:00-04:00,2023-08-12T04:00:00+00:00,2023-08-13T00:00:00-04:00,2023-08-13T04:00:00+00:00,60108.112
2023-08-13T00:00:00-04:00,2023-08-13T04:00:00+00:00,2023-08-14T00:00:00-04:00,2023-08-14T04:00:00+00:00,31370.673
2023-08-14T00:00:00-04:00,2023-08-14T04:00:00+00:00,2023-08-15T00:00:00-04:00,2023-08-15T04:00:00+00:00,46477.967
2023-08-15T00:00:00-04:00,2023-08-15T04:00:00+00:00,2023-08-16T00:00:00-04:00,2023-08-16T04:00:00+00:00,80257.588
2023-08-16T00:00:00-04:00,2023-08-16T04:00:00+00:00,2023-08-17T00:00:00-04:00,2023-08-17T04:00:00+00:00,26421.543
2023-08-17T00:00:00-04:00,2023-08-17T04:00:00+00:00,2023-08-18T00:00:00-04:00,2023-08-18T04:00:00+00:00,124048.131
2023-08-18T00:00:00-04:00,2023-08-18T04:00:00+00:00,2023-08-19T00:00:00-04:00,2023-08-19T04:00:00+00:00,42282.503
2023-08-19T00:00:00-04:00,2023-08-19T04:00:00+00:00,2023-08-20T00:00:00-04:00,2023-08-20T04:00:00+00:00,74522.906
2023-08-20T00:00:00-04:00,2023-08-20T04:00:00+00:00,2023-08-21T00:00:00-04:00,2023-08-21T04:00:00+00:00,30759.473
2023-08-21T00:00:00-04:00,2023-08-21T04:00:00+00:00,2023-08-22T00:00:00-04:00,2023-08-22T04:00:00+00:00,29358.032
2023-08-22T00:00:00-04:00,2023-08-22T04:00:00+00:00,2023-08-23T00:00:00-04:00,2023-08-23T04:00:00+00:00,25201.561
2023-08-23T00:00:00-04:00,2023-08-23T04:00:00+00:00,2023-08-24T00:00:00-04:00,2023-08-24T04:00:00+00:00,73147.367
2023-08-24T00:00:00-04:00,2023-08-24T04:00:00+00:00,2023-08-25T00:00:00-04:00,2023-08-25T04:00:00+00:00,96159.881
2023-08-25T00:00:00-04:00,2023-08-25T04:00:00+00:00,2023-08-26T00:00:00-04:00,2023-08-26T04:00:00+00:00,39848.272
2023-08-26T00:00:00-04:00,2023-08-26T04:00:00+00:00,2023-08-27T00:00:00-04:00,2023-08-27T04:00:00+00:00,37582.344
2023-08-27T00:00:00-04:00,2023-08-27T04:00:00+00:00,2023-08-28T00:00:00-04:00,2023-08-28T04:00:00+00:00,38551.276
2023-08-28T00:00:00-04:00,2023-08-28T04:00:00+00:00,2023-08-29T00:00:00-04:00,2023-08-29T04:00:00+00:00,20359.288
2023-08-29T00:00:00-04:00,2023-08-29T04:00:00+00:00,2023-08-30T00:00:00-04:00,2023-08-30T04:00:00+00:00,30915.85
2023-08-30T00:00:00-04:00,2023-08-30T04:00:00+00:00,2023-08-31T00:00:00-04:00,2023-08-31T04:00:00+00:00,60310.145
2023-08-31T00:00:00-04:00,2023-08-31T04:00:00+00:00,2023-09-01T00:00:00-04:00,2023-09-01T04:00:00+00:00,36298.739
2023-09-01T00:00:00-04:00,2023-09-01T04:00:00+00:00,2023-09-02T00:00:00-04:00,2023-09-02T04:00:00+00:00,36048.747
2023-09-02T00:00:00-04:00,2023-09-02T04:00:00+00:00,2023-09-03T00:00:00-04:00,2023-09-03T04:00:00+00:00,51947.658
2023-09-03T00:00:00-04:00,2023-09-03T04:00:00+00:00,2023-09-04T00:00:00-04:00,2023-09-04T04:00:00+00:00,102203.324
2023-09-04T00:00:00-04:00,2023-09-04T04:00:00+00:00,2023-09-05T00:00:00-04:00,2023-09-05T04:00:00+00:00,68113.229
2023-09-05T00:00:00-04:00,2023-09-05T04:00:00+00:00,2023-09-06T00:00:00-04:00,2023-09-06T04:00:00+00:00,87018.565
2023-09-06T00:00:00-04:00,2023-09-06T04:00:00+00:00,2023-09-07T00:00:00-04:00,2023-09-07T04:00:00+00:00,88245.362
2023-09-07T00:00:00-04:00,2023-09-07T04:00:00+00:00,2023-09-08T00:00:00-04:00,2023-09-08T04:00:00+00:00,35054.598
2023-09-08T00:00:00-04:00,2023-09-08T04:00:00+00:00,2023-09-09T00:00:00-04:00,2023-09-09T04:00:00+00:00,13727.054
2023-09-09T00:00:00-04:00,2023-09-09T04:00:00+00:00,2023-09-10T00:00:00-04:00,2023-09-10T04:00:00+00:00,17603.012
2023-09-10T00:00:00-04:00,2023-09-10T04:00:00+00:00,2023-09-11T00:00:00-04:00,2023-09-11T04:00:00+00:00,5955.897
2023-09-11T00:00:00-04:00,2023-09-11T04:00:00+00:00,2023-09-12T00:00:00-04:00,2023-09-12T04:00:00+00:00,15067.487
2023-09-12T00:00:00-04:00,2023-09-12T04:00:00+00:00,2023-09-13T00:00:00-04:00,2023-09-13T04:00:00+00:00,20161.83
2023-09-13T00:00:00-04:00,2023-09-13T04:00:00+00:00,2023-09-14T00:00:00-04:00,2023-09-14T04:00:00+00:00,19724.766
2023-09-14T00:00:00-04:00,2023-09-14T04:00:00+00:00,2023-09-15T00:00:00-04:00,2023-09-15T04:00:00+00:00,18363.88
2023-09-15T00:00:00-04:00,2023-09-15T04:00:00+00:00,2023-09-16T00:00:00-04:00,2023-09-16T04:00:00+00:00,25205.958
2023-09-16T00:00:00-04:00,2023-09-16T04:00:00+00:00,2023-09-17T00:00:00-04:00,2023-09-17T04:00:00+00:00,21165.718
2023-09-17T00:00:00-04:00,2023-09-17T04:00:00+00:00,2023-09-18T00:00:00-04:00,2023-09-18T04:00:00+00:00,27461.399
2023-09-18T00:00:00-04:00,2023-09-18T04:00:00+00:00,2023-09-19T00:00:00-04:00,2023-09-19T04:00:00+00:00,25466.412
2023-09-19T00:00:00-04:00,2023-09-19T04:00:00+00:00,2023-09-20T00:00:00-04:00,2023-09-20T04:00:00+00:00,75741.005
2023-09-20T00:00:00-04:00,2023-09-20T04:00:00+00:00,2023-09-21T00:00:00-04:00,2023-09-21T04:00:00+00:00,45321.919
2023-09-21T00:00:00-04:00,2023-09-21T04:00:00+00:00,2023-09-22T00:00:00-04:00,2023-09-22T04:00:00+00:00,38579.594
2023-09-22T00:00:00-04:00,2023-09-22T04:00:00+00:00,2023-09-23T00:00:00-04:00,2023-09-23T04:00:00+00:00,68412.133
2023-09-23T00:00:00-04:00,2023-09-23T04:00:00+00:00,2023-09-24T00:00:00-04:00,2023-09-24T04:00:00+00:00,89658.852
2023-09-24T00:00:00-04:00,2023-09-24T04:00:00+00:00,2023-09-25T00:00:00-04:00,2023-09-25T04:00:00+00:00,73430.916
2023-09-25T00:00:00-04:00,2023-09-25T04:00:00+00:00,2023-09-26T00:00:00-04:00,2023-09-26T04:00:00+00:00,29713.826
2023-09-26T00:00:00-04:00,2023-09-26T04:00:00+00:00,2023-09-27T00:00:00-04:00,2023-09-27T04:00:00+00:00,50819.8
2023-09-27T00:00:00-04:00,2023-09-27T04:00:00+00:00,2023-09-28T00:00:00-04:00,2023-09-28T04:00:00+00:00,42842.489
2023-09-28T00:00:00-04:00,2023-09-28T04:00:00+00:00,2023-09-29T00:00:00-04:00,2023-09-29T04:00:00+00:00,27299.026
2023-09-29T00:00:00-04:00,2023-09-29T04:00:00+00:00,2023-09-30T00:00:00-04:00,2023-09-30T04:00:00+00:00,21084.424
2023-09-30T00:00:00-04:00,2023-09-30T04:00:00+00:00,2023-10-01T00:00:00-04:00,2023-10-01T04:00:00+00:00,34842.62
2023-10-01T00:00:00-04:00,2023-10-01T04:00:00+00:00,2023-10-02T00:00:00-04:00,2023-10-02T04:00:00+00:00,23121.893
2023-10-02T00:00:00-04:00,2023-10-02T04:00:00+00:00,2023-10-03T00:00:00-04:00,2023-10-03T04:00:00+00:00,17124.9
2023-10-03T00:00:00-04:00,2023-10-03T04:00:00+00:00,2023-10-04T00:00:00-04:00,2023-10-04T04:00:00+00:00,40820.723
2023-10-04T00:00:00-04:00,2023-10-04T04:00:00+00:00,2023-10-05T00:00:00-04:00,2023-10-05T04:00:00+00:00,89806.192
2023-10-05T00:00:00-04:00,2023-10-05T04:00:00+00:00,2023-10-06T00:00:00-04:00,2023-10-06T04:00:00+00:00,67987.919
2023-10-06T00:00:00-04:00,2023-10-06T04:00:00+00:00,2023-10-07T00:00:00-04:00,2023-10-07T04:00:00+00:00,107495.971
2023-10-07T00:00:00-04:00,2023-10-07T04:00:00+00:00,2023-10-08T00:00:00-04:00,2023-10-08T04:00:00+00:00,129545.641
2023-10-08T00:00:00-04:00,2023-10-08T04:00:00+00:00,2023-10-09T00:00:00-04:00,2023-10-09T04:00:00+00:00,61872.016
2023-10-09T00:00:00-04:00,2023-10-09T04:00:00+00:00,2023-10-10T00:00:00-04:00,2023-10-10T04:00:00+00:00,49728.6
2023-10-10T00:00:00-04:00,2023-10-10T04:00:00+00:00,2023-10-11T00:00:00-04:00,2023-10-11T04:00:00+00:00,60824.986
2023-10-11T00:00:00-04:00,2023-10-11T04:00:00+00:00,2023-10-12T00:00:00-04:00,2023-10-12T04:00:00+00:00,40475.352
2023-10-12T00:00:00-04:00,2023-10-12T04:00:00+00:00,2023-10-13T00:00:00-04:00,2023-10-13T04:00:00+00:00,63519.66
2023-10-13T00:00:00-04:00,2023-10-13T04:00:00+00:00,2023-10-14T00:00:00-04:00,2023-10-14T04:00:00+00:00,106925.397
2023-10-14T00:00:00-04:00,2023-10-14T04:00:00+00:00,2023-10-15T00:00:00-04:00,2023-10-15T04:00:00+00:00,108905.685
2023-10-15T00:00:00-04:00,2023-10-15T04:00:00+00:00,2023-10-16T00:00:00-04:00,2023-10-16T04:00:00+00:00,105882.522
2023-10-16T00:00:00-04:00,2023-10-16T04:00:00+00:00,2023-10-17T00:00:00-04:00,2023-10-17T04:00:00+00:00,58949.756
2023-10-17T00:00:00-04:00,2023-10-17T04:00:00+00:00,2023-10-18T00:00:00-04:00,2023-10-18T04:00:00+00:00,21859.878
2023-10-18T00:00:00-04:00,2023-10-18T04:00:00+00:00,2023-10-19T00:00:00-04:00,2023-10-19T04:00:00+00:00,110098.591
2023-10-19T00:00:00-04:00,2023-10-19T04:00:00+00:00,2023-10-20T00:00:00-04:00,2023-10-20T04:00:00+00:00,97749.478
2023-10-20T00:00:00-04:00,2023-10-20T04:00:00+00:00,2023-10-21T00:00:00-04:00,2023-10-21T04:00:00+00:00,107078.614
2023-10-21T00:00:00-04:00,2023-10-21T04:00:00+00:00,2023-10-22T00:00:00-04:00,2023-10-22T04:00:00+00:00,136998.594
2023-10-22T00:00:00-04:00,2023-10-22T04:00:00+00:00,2023-10-23T00:00:00-04:00,2023-10-23T04:00:00+00:00,72142.035
2023-10-23T00:00:00-04:00,2023-10-23T04:00:00+00:00,2023-10-24T00:00:00-04:00,2023-10-24T04:00:00+00:00,115721.822
2023-10-24T00:00:00-04:00,2023-10-24T04:00:00+00:00,2023-10-25T00:00:00-04:00,2023-10-25T04:00:00+00:00,147246.731
2023-10-25T00:00:00-04:00,2023-10-25T04:00:00+00:00,2023-10-26T00:00:00-04:00,2023-10-26T04:00:00+00:00,115930.215
2023-10-26T00:00:00-04:00,2023-10-26T04:00:00+00:00,2023-10-27T00:00:00-04:00,2023-10-27T04:00:00+00:00,134571.53
2023-10-27T00:00:00-04:00,2023-10-27T04:00:00+00:00,2023-10-28T00:00:00-04:00,2023-10-28T04:00:00+00:00,124181.982
2023-10-28T00:00:00-04:00,2023-10-28T04:00:00+00:00,2023-10-29T00:00:00-04:00,2023-10-29T04:00:00+00:00,66742.615
2023-10-29T00:00:00-04:00,2023-10-29T04:00:00+00:00,2023-10-30T00:00:00-04:00,2023-10-30T04:00:00+00:00,66785.869
2023-10-30T00:00:00-04:00,2023-10-30T04:00:00+00:00,2023-10-31T00:00:00-04:00,2023-10-31T04:00:00+00:00,100828.119
2023-10-31T00:00:00-04:00,2023-10-31T04:00:00+00:00,2023-11-01T00:00:00-04:00,2023-11-01T04:00:00+00:00,115328.921
2023-11-01T00:00:00-04:00,2023-11-01T04:00:00+00:00,2023-11-02T00:00:00-04:00,2023-11-02T04:00:00+00:00,74979.98
2023-11-02T00:00:00-04:00,2023-11-02T04:00:00+00:00,2023-11-03T00:00:00-04:00,2023-11-03T04:00:00+00:00,125266.296
2023-11-03T00:00:00-04:00,2023-11-03T04:00:00+00:00,2023-11-04T00:00:00-04:00,2023-11-04T04:00:00+00:00,164265.981
2023-11-04T00:00:00-04:00,2023-11-04T04:00:00+00:00,2023-11-05T00:00:00-04:00,2023-11-05T04:00:00+00:00,44229.616
2023-11-05T00:00:00-04:00,2023-11-05T04:00:00+00:00,2023-11-06T00:00:00-05:00,2023-11-06T05:00:00+00:00,55754.294
2023-11-06T00:00:00-05:00,2023-11-06T05:00:00+00:00,2023-11-07T00:00:00-05:00,2023-11-07T05:00:00+00:00,164937.377
2023-11-07T00:00:00-05:00,2023-11-07T05:00:00+00:00,2023-11-08T00:00:00-05:00,2023-11-08T05:00:00+00:00,98146.7
2023-11-08T00:00:00-05:00,2023-11-08T05:00:00+00:00,2023-11-09T00:00:00-05:00,2023-11-09T05:00:00+00:00,134345.522
2023-11-09T00:00:00-05:00,2023-11-09T05:00:00+00:00,2023-11-10T00:00:00-05:00,2023-11-10T05:00:00+00:00,120994.799
2023-11-10T00:00:00-05:00,2023-11-10T05:00:00+00:00,2023-11-11T00:00:00-05:00,2023-11-11T05:00:00+00:00,85000.741
2023-11-11T00:00:00-05:00,2023-11-11T05:00:00+00:00,2023-11-12T00:00:00-05:00,2023-11-12T05:00:00+00:00,32666.42
2023-11-12T00:00:00-05:00,2023-11-12T05:00:00+00:00,2023-11-13T00:00:00-05:00,2023-11-13T05:00:00+00:00,101978.214
2023-11-13T00:00:00-05:00,2023-11-13T05:00:00+00:00,2023-11-14T00:00:00-05:00,2023-11-14T05:00:00+00:00,93811.386
2023-11-14T00:00:00-05:00,2023-11-14T05:00:00+00:00,2023-11-15T00:00:00-05:00,2023-11-15T05:00:00+00:00,76748.427
2023-11-15T00:00:00-05:00,2023-11-15T05:00:00+00:00,2023-11-16T00:00:00-05:00,2023-11-16T05:00:00+00:00,100091.538
2023-11-16T00:00:00-05:00,2023-11-16T05:00:00+00:00,2023-11-17T00:00:00-05:00,2023-11-17T05:00:00+00:00,139882.071
2023-11-17T00:00:00-05:00,2023-11-17T05:00:00+00:00,2023-11-18T00:00:00-05:00,2023-11-18T05:00:00+00:00,108290.952
2023-11-18T00:00:00-05:00,2023-11-18T05:00:00+00:00,2023-11-19T00:00:00-05:00,2023-11-19T05:00:00+00:00,55931.472
2023-11-19T00:00:00-05:00,2023-11-19T05:00:00+00:00,2023-11-20T00:00:00-05:00,2023-11-20T05:00:00+00:00,63048.855
2023-11-20T00:00:00-05:00,2023-11-20T05:00:00+00:00,2023-11-21T00:00:00-05:00,2023-11-21T05:00:00+00:00,153913.54
2023-11-21T00:00:00-05:00,2023-11-21T05:00:00+00:00,2023-11-22T00:00:00-05:00,2023-11-22T05:00:00+00:00,136104.983
2023-11-22T00:00:00-05:00,2023-11-22T05:00:00+00:00,2023-11-23T00:00:00-05:00,2023-11-23T05:00:00+00:00,92042.085
2023-11-23T00:00:00-05:00,2023-11-23T05:00:00+00:00,2023-11-24T00:00:00-05:00,2023-11-24T05:00:00+00:00,116456.591
2023-11-24T00:00:00-05:00,2023-11-24T05:00:00+00:00,2023-11-25T00:00:00-05:00,2023-11-25T05:00:00+00:00,87279.722
2023-11-25T00:00:00-05:00,2023-11-25T05:00:00+00:00,2023-11-26T00:00:00-05:00,2023-11-26T05:00:00+00:00,28133.245
2023-11-26T00:00:00-05:00,2023-11-26T05:00:00+00:00,2023-11-27T00:00:00-05:00,2023-11-27T05:00:00+00:00,91448.393
2023-11-27T00:00:00-05:00,2023-11-27T05:00:00+00:00,2023-11-28T00:00:00-05:00,2023-11-28T05:00:00+00:00,188648.925
2023-11-28T00:00:00-05:00,2023-11-28T05:00:00+00:00,2023-11-29T00:00:00-05:00,2023-11-29T05:00:00+00:00,112341.446
2023-11-29T00:00:00-05:00,2023-11-29T05:00:00+00:00,2023-11-30T00:00:00-05:00,2023-11-30T05:00:00+00:00,134364.168
2023-11-30T00:00:00-05:00,2023-11-30T05:00:00+00:00,2023-12-01T00:00:00-05:00,2023-12-01T05:00:00+00:00,164607.224
2023-12-01T00:00:00-05:00,2023-12-01T05:00:00+00:00,2023-12-02T00:00:00-05:00,2023-12-02T05:00:00+00:00,65674.371
2023-12-02T00:00:00-05:00,2023-12-02T05:00:00+00:00,2023-12-03T00:00:00-05:00,2023-12-03T05:00:00+00:00,33703.373
2023-12-03T00:00:00-05:00,2023-12-03T05:00:00+00:00,2023-12-04T00:00:00-05:00,2023-12-04T05:00:00+00:00,79615.687
2023-12-04T00:00:00-05:00,2023-12-04T05:00:00+00:00,2023-12-05T00:00:00-05:00,2023-12-05T05:00:00+00:00,40542.151
2023-12-05T00:00:00-05:00,2023-12-05T05:00:00+00:00,2023-12-06T00:00:00-05:00,2023-12-06T05:00:00+00:00,56632.807
2023-12-06T00:00:00-05:00,2023-12-06T05:00:00+00:00,2023-12-07T00:00:00-05:00,2023-12-07T05:00:00+00:00,91796.623
2023-12-07T00:00:00-05:00,2023-12-07T05:00:00+00:00,2023-12-08T00:00:00-05:00,2023-12-08T05:00:00+00:00,161971.275
2023-12-08T00:00:00-05:00,2023-12-08T05:00:00+00:00,2023-12-09T00:00:00-05:00,2023-12-09T05:00:00+00:00,172268.594
2023-12-09T00:00:00-05:00,2023-12-09T05:00:00+00:00,2023-12-10T00:00:00-05:00,2023-12-10T05:00:00+00:00,164749.009
2023-12-10T00:00:00-05:00,2023-12-10T05:00:00+00:00,2023-12-11T00:00:00-05:00,2023-12-11T05:00:00+00:00,108441.82
2023-12-11T00:00:00-05:00,2023-12-11T05:00:00+00:00,2023-12-12T00:00:00-05:00,2023-12-12T05:00:00+00:00,70994.242
2023-12-12T00:00:00-05:00,2023-12-12T05:00:00+00:00,2023-12-13T00:00:00-05:00,2023-12-13T05:00:00+00:00,124226.461
2023-12-13T00:00:00-05:00,2023-12-13T05:00:00+00:00,2023-12-14T00:00:00-05:00,2023-12-14T05:00:00+00:00,46613.366
2023-12-14T00:00:00-05:00,2023-12-14T05:00:00+00:00,2023-12-15T00:00:00-05:00,2023-12-15T05:00:00+00:00,62940.941
2023-12-15T00:00:00-05:00,2023-12-15T05:00:00+00:00,2023-12-16T00:00:00-05:00,2023-12-16T05:00:00+00:00,113120.337
2023-12-16T00:00:00-05:00,2023-12-16T05:00:00+00:00,2023-12-17T00:00:00-05:00,2023-12-17T05:00:00+00:00,123778.768
2023-12-17T00:00:00-05:00,2023-12-17T05:00:00+00:00,2023-12-18T00:00:00-05:00,2023-12-18T05:00:00+00:00,102634.674
2023-12-18T00:00:00-05:00,2023-12-18T05:00:00+00:00,2023-12-19T00:00:00-05:00,2023-12-19T05:00:00+00:00,208263.245
2023-12-19T00:00:00-05:00,2023-12-19T05:00:00+00:00,2023-12-20T00:00:00-05:00,2023-12-20T05:00:00+00:00,110373.162
2023-12-20T00:00:00-05:00,2023-12-20T05:00:00+00:00,2023-12-21T00:00:00-05:00,2023-12-21T05:00:00+00:00,90439.177
2023-12-21T00:00:00-05:00,2023-12-21T05:00:00+00:00,2023-12-22T00:00:00-05:00,2023-12-22T05:00:00+00:00,39518.734
2023-12-22T00:00:00-05:00,2023-12-22T05:00:00+00:00,2023-12-23T00:00:00-05:00,2023-12-23T05:00:00+00:00,47691.314
2023-12-23T00:00:00-05:00,2023-12-23T05:00:00+00:00,2023-12-24T00:00:00-05:00,2023-12-24T05:00:00+00:00,44688.986
2023-12-24T00:00:00-05:00,2023-12-24T05:00:00+00:00,2023-12-25T00:00:00-05:00,2023-12-25T05:00:00+00:00,79594.106
2023-12-25T00:00:00-05:00,2023-12-25T05:00:00+00:00,2023-12-26T00:00:00-05:00,2023-12-26T05:00:00+00:00,178238.846
2023-12-26T00:00:00-05:00,2023-12-26T05:00:00+00:00,2023-12-27T00:00:00-05:00,2023-12-27T05:00:00+00:00,75934.095
2023-12-27T00:00:00-05:00,2023-12-27T05:00:00+00:00,2023-12-28T00:00:00-05:00,2023-12-28T05:00:00+00:00,87955.925
2023-12-28T00:00:00-05:00,2023-12-28T05:00:00+00:00,2023-12-29T00:00:00-05:00,2023-12-29T05:00:00+00:00,85912.538
2023-12-29T00:00:00-05:00,2023-12-29T05:00:00+00:00,2023-12-30T00:00:00-05:00,2023-12-30T05:00:00+00:00,70570.289
2023-12-30T00:00:00-05:00,2023-12-30T05:00:00+00:00,2023-12-31T00:00:00-05:00,2023-12-31T05:00:00+00:00,78305.212
2023-12-31T00:00:00-05:00,2023-12-31T05:00:00+00:00,2024-01-01T00:00:00-05:00,2024-01-01T05:00:00+00:00,75970.875
