interval_start_local,interval_start_utc,interval_end_local,interval_end_utc,load
2022-12-31T18:00:00-06:00,2023-01-01T00:00:00+00:00,2022-12-31T18:05:00-06:00,2023-01-01T00:05:00+00:00,28785.0
2022-12-31T18:05:00-06:00,2023-01-01T00:05:00+00:00,2022-12-31T18:10:00-06:00,2023-01-01T00:10:00+00:00,28800.0
2022-12-31T18:10:00-06:00,2023-01-01T00:10:00+00:00,2022-12-31T18:15:00-06:00,2023-01-01T00:15:00+00:00,28858.0
2022-12-31T18:15:00-06:00,2023-01-01T00:15:00+00:00,2022-12-31T18:20:00-06:00,2023-01-01T00:20:00+00:00,28794.0
2022-12-31T18:20:00-06:00,2023-01-01T00:20:00+00:00,2022-12-31T18:25:00-06:00,2023-01-01T00:25:00+00:00,28845.0
2022-12-31T18:25:00-06:00,2023-01-01T00:25:00+00:00,2022-12-31T18:30:00-06:00,2023-01-01T00:30:00+00:00,28860.0
2022-12-31T18:30:00-06:00,2023-01-01T00:30:00+00:00,2022-12-31T18:35:00-06:00,2023-01-01T00:35:00+00:00,28838.0
2022-12-31T18:35:00-06:00,2023-01-01T00:35:00+00:00,2022-12-31T18:40:00-06:00,2023-01-01T00:40:00+00:00,28768.0
2022-12-31T18:40:00-06:00,2023-01-01T00:40:00+00:00,2022-12-31T18:45:00-06:00,2023-01-01T00:45:00+00:00,28723.0
2022-12-31T18:45:00-06:00,2023-01-01T00:45:00+00:00,2022-12-31T18:50:00-06:00,2023-01-01T00:50:00+00:00,28691.0
2022-12-31T18:50:00-06:00,2023-01-01T00:50:00+00:00,2022-12-31T18:55:00-06:00,2023-01-01T00:55:00+00:00,28670.0
2022-12-31T18:55:00-06:00,2023-01-01T00:55:00+00:00,2022-12-31T19:00:00-06:00,2023-01-01T01:00:00+00:00,28631.0
2022-12-31T19:00:00-06:00,2023-01-01T01:00:00+00:00,2022-12-31T19:05:00-06:00,2023-01-01T01:05:00+00:00,28531.0
2022-12-31T19:05:00-06:00,2023-01-01T01:05:00+00:00,2022-12-31T19:10:00-06:00,2023-01-01T01:10:00+00:00,28475.0
2022-12-31T19:10:00-06:00,2023-01-01T01:10:00+00:00,2022-12-31T19:15:00-06:00,2023-01-01T01:15:00+00:00,28558.0
2022-12-31T19:15:00-06:00,2023-01-01T01:15:00+00:00,2022-12-31T19:20:00-06:00,2023-01-01T01:20:00+00:00,28594.0
2022-12-31T19:20:00-06:00,2023-01-01T01:20:00+00:00,2022-12-31T19:25:00-06:00,2023-01-01T01:25:00+00:00,28612.0
2022-12-31T19:25:00-06:00,2023-01-01T01:25:00+00:00,2022-12-31T19:30:00-06:00,2023-01-01T01:30:00+00:00,28581.0
2022-12-31T19:30:00-06:00,2023-01-01T01:30:00+00:00,2022-12-31T19:35:00-06:00,2023-01-01T01:35:00+00:00,28525.0
2022-12-31T19:35:00-06:00,2023-01-01T01:35:00+00:00,2022-12-31T19:40:00-06:00,2023-01-01T01:40:00+00:00,28435.0
2022-12-31T19:40:00-06:00,2023-01-01T01:40:00+00:00,2022-12-31T19:45:00-06:00,2023-01-01T01:45:00+00:00,28434.0
2022-12-31T19:45:00-06:00,2023-01-01T01:45:00+00:00,2022-12-31T19:50:00-06:00,2023-01-01T01:50:00+00:00,28387.0
2022-12-31T19:50:00-06:00,2023-01-01T01:50:00+00:00,2022-12-31T19:55:00-06:00,2023-01-01T01:55:00+00:00,28404.0
2022-12-31T19:55:00-06:00,2023-01-01T01:55:00+00:00,2022-12-31T20:00:00-06:00,2023-01-01T02:00:00+00:00,28323.0
2022-12-31T20:00:00-06:00,2023-01-01T02:00:00+00:00,2022-12-31T20:05:00-06:00,2023-01-01T02:05:00+00:00,28237.0
2022-12-31T20:05:00-06:00,2023-01-01T02:05:00+00:00,2022-12-31T20:10:00-06:00,2023-01-01T02:10:00+00:00,28170.0
2022-12-31T20:10:00-06:00,2023-01-01T02:10:00+00:00,2022-12-31T20:15:00-06:00,2023-01-01T02:15:00+00:00,28165.0
2022-12-31T20:15:00-06:00,2023-01-01T02:15:00+00:00,2022-12-31T20:20:00-06:00,2023-01-01T02:20:00+00:00,28107.0
2022-12-31T20:20:00-06:00,2023-01-01T02:20:00+00:00,2022-12-31T20:25:00-06:00,2023-01-01T02:25:00+00:00,28098.0
2022-12-31T20:25:00-06:00,2023-01-01T02:25:00+00:00,2022-12-31T20:30:00-06:00,2023-01-01T02:30:00+00:00,28091.0
2022-12-31T20:30:00-06:00,2023-01-01T02:30:00+00:00,2022-12-31T20:35:00-06:00,2023-01-01T02:35:00+00:00,28070.0
2022-12-31T20:35:00-06:00,2023-01-01T02:35:00+00:00,2022-12-31T20:40:00-06:00,2023-01-01T02:40:00+00:00,28046.0
2022-12-31T20:40:00-06:00,2023-01-01T02:40:00+00:00,2022-12-31T20:45:00-06:00,2023-01-01T02:45:00+00:00,28020.0
2022-12-31T20:45:00-06:00,2023-01-01T02:45:00+00:00,2022-12-31T20:50:00-06:00,2023-01-01T02:50:00+00:00,27981.0
2022-12-31T20:50:00-06:00,2023-01-01T02:50:00+00:00,2022-12-31T20:55:00-06:00,2023-01-01T02:55:00+00:00,27949.0
2022-12-31T20:55:00-06:00,2023-01-01T02:55:00+00:00,2022-12-31T21:00:00-06:00,2023-01-01T03:00:00+00:00,27956.0
2022-12-31T21:00:00-06:00,2023-01-01T03:00:00+00:00,2022-12-31T21:05:00-06:00,2023-01-01T03:05:00+00:00,27883.0
2022-12-31T21:05:00-06:00,2023-01-01T03:05:00+00:00,2022-12-31T21:10:00-06:00,2023-01-01T03:10:00+00:00,27886.0
2022-12-31T21:10:00-06:00,2023-01-01T03:10:00+00:00,2022-12-31T21:15:00-06:00,2023-01-01T03:15:00+00:00,27870.0
2022-12-31T21:15:00-06:00,2023-01-01T03:15:00+00:00,2022-12-31T21:20:00-06:00,2023-01-01T03:20:00+00:00,27838.0
2022-12-31T21:20:00-06:00,2023-01-01T03:20:00+00:00,2022-12-31T21:25:00-06:00,2023-01-01T03:25:00+00:00,27811.0
2022-12-31T21:25:00-06:00,2023-01-01T03:25:00+00:00,2022-12-31T21:30:00-06:00,2023-01-01T03:30:00+00:00,27855.0
2022-12-31T21:30:00-06:00,2023-01-01T03:30:00+00:00,2022-12-31T21:35:00-06:00,2023-01-01T03:35:00+00:00,27809.0
2022-12-31T21:35:00-06:00,2023-01-01T03:35:00+00:00,2022-12-31T21:40:00-06:00,2023-01-01T03:40:00+00:00,27757.0
2022-12-31T21:40:00-06:00,2023-01-01T03:40:00+00:00,2022-12-31T21:45:00-06:00,2023-01-01T03:45:00+00:00,27670.0
2022-12-31T21:45:00-06:00,2023-01-01T03:45:00+00:00,2022-12-31T21:50:00-06:00,2023-01-01T03:50:00+00:00,27623.0
2022-12-31T21:50:00-06:00,2023-01-01T03:50:00+00:00,2022-12-31T21:55:00-06:00,2023-01-01T03:55:00+00:00,27550.0
2022-12-31T22:50:00-06:00,2023-01-01T04:50:00+00:00,2022-12-31T22:55:00-06:00,2023-01-01T04:55:00+00:00,27143.0
2022-12-31T22:55:00-06:00,2023-01-01T04:55:00+00:00,2022-12-31T23:00:00-06:00,2023-01-01T05:00:00+00:00,27048.0
2022-12-31T23:00:00-06:00,2023-01-01T05:00:00+00:00,2022-12-31T23:05:00-06:00,2023-01-01T05:05:00+00:00,26985.0
2022-12-31T23:05:00-06:00,2023-01-01T05:05:00+00:00,2022-12-31T23:10:00-06:00,2023-01-01T05:10:00+00:00,26981.0
2022-12-31T23:10:00-06:00,2023-01-01T05:10:00+00:00,2022-12-31T23:15:00-06:00,2023-01-01T05:15:00+00:00,26851.0
2022-12-31T23:15:00-06:00,2023-01-01T05:15:00+00:00,2022-12-31T23:20:00-06:00,2023-01-01T05:20:00+00:00,26850.0
2022-12-31T23:20:00-06:00,2023-01-01T05:20:00+00:00,2022-12-31T23:25:00-06:00,2023-01-01T05:25:00+00:00,26864.0
2022-12-31T23:25:00-06:00,2023-01-01T05:25:00+00:00,2022-12-31T23:30:00-06:00,2023-01-01T05:30:00+00:00,26872.0
2022-12-31T23:30:00-06:00,2023-01-01T05:30:00+00:00,2022-12-31T23:35:00-06:00,2023-01-01T05:35:00+00:00,26801.0
2022-12-31T23:35:00-06:00,2023-01-01T05:35:00+00:00,2022-12-31T23:40:00-06:00,2023-01-01T05:40:00+00:00,26736.0
2022-12-31T23:40:00-06:00,2023-01-01T05:40:00+00:00,2022-12-31T23:45:00-06:00,2023-01-01T05:45:00+00:00,26693.0
2022-12-31T23:45:00-06:00,2023-01-01T05:45:00+00:00,2022-12-31T23:50:00-06:00,2023-01-01T05:50:00+00:00,26607.0
2022-12-31T23:50:00-06:00,2023-01-01T05:50:00+00:00,2022-12-31T23:55:00-06:00,2023-01-01T05:55:00+00:00,26639.0
2022-12-31T23:55:00-06:00,2023-01-01T05:55:00+00:00,2023-01-01T00:00:00-06:00,2023-01-01T06:00:00+00:00,26583.0
2023-01-01T00:00:00-06:00,2023-01-01T06:00:00+00:00,2023-01-01T00:05:00-06:00,2023-01-01T06:05:00+00:00,26457.0
2023-01-01T00:05:00-06:00,2023-01-01T06:05:00+00:00,2023-01-01T00:10:00-06:00,2023-01-01T06:10:00+00:00,26458.0
2023-01-01T00:10:00-06:00,2023-01-01T06:10:00+00:00,2023-01-01T00:15:00-06:00,2023-01-01T06:15:00+00:00,26443.0
2023-01-01T00:15:00-06:00,2023-01-01T06:15:00+00:00,2023-01-01T00:20:00-06:00,2023-01-01T06:20:00+00:00,26376.0
2023-01-01T00:20:00-06:00,2023-01-01T06:20:00+00:00,2023-01-01T00:25:00-06:00,2023-01-01T06:25:00+00:00,26357.0
2023-01-01T00:25:00-06:00,2023-01-01T06:25:00+00:00,2023-01-01T00:30:00-06:00,2023-01-01T06:30:00+00:00,26393.0
2023-01-01T00:30:00-06:00,2023-01-01T06:30:00+00:00,2023-01-01T00:35:00-06:00,2023-01-01T06:35:00+00:00,26322.0
2023-01-01T00:35:00-06:00,2023-01-01T06:35:00+00:00,2023-01-01T00:40:00-06:00,2023-01-01T06:40:00+00:00,26361.0
2023-01-01T00:40:00-06:00,2023-01-01T06:40:00+00:00,2023-01-01T00:45:00-06:00,2023-01-01T06:45:00+00:00,26322.0
2023-01-01T00:45:00-06:00,2023-01-01T06:45:00+00:00,2023-01-01T00:50:00-06:00,2023-01-01T06:50:00+00:00,26305.0
2023-01-01T00:50:00-06:00,2023-01-01T06:50:00+00:00,2023-01-01T00:55:00-06:00,2023-01-01T06:55:00+00:00,26269.0
2023-01-01T00:55:00-06:00,2023-01-01T06:55:00+00:00,2023-01-01T01:00:00-06:00,2023-01-01T07:00:00+00:00,26202.0
2023-01-01T01:00:00-06:00,2023-01-01T07:00:00+00:00,2023-01-01T01:05:00-06:00,2023-01-01T07:05:00+00:00,26195.0
2023-01-01T01:05:00-06:00,2023-01-01T07:05:00+00:00,2023-01-01T01:10:00-06:00,2023-01-01T07:10:00+00:00,26211.0
2023-01-01T01:10:00-06:00,2023-01-01T07:10:00+00:00,2023-01-01T01:15:00-06:00,2023-01-01T07:15:00+00:00,26216.0
2023-01-01T01:15:00-06:00,2023-01-01T07:15:00+00:00,2023-01-01T01:20:00-06:00,2023-01-01T07:20:00+00:00,26183.0
2023-01-01T01:20:00-06:00,2023-01-01T07:20:00+00:00,2023-01-01T01:25:00-06:00,2023-01-01T07:25:00+00:00,26160.0
2023-01-01T01:25:00-06:00,2023-01-01T07:25:00+00:00,2023-01-01T01:30:00-06:00,2023-01-01T07:30:00+00:00,26112.0
2023-01-01T01:30:00-06:00,2023-01-01T07:30:00+00:00,2023-01-01T01:35:00-06:00,2023-01-01T07:35:00+00:00,26116.0
2023-01-01T01:35:00-06:00,2023-01-01T07:35:00+00:00,2023-01-01T01:40:00-06:00,2023-01-01T07:40:00+00:00,26010.0
2023-01-01T01:40:00-06:00,2023-01-01T07:40:00+00:00,2023-01-01T01:45:00-06:00,2023-01-01T07:45:00+00:00,26038.0
2023-01-01T01:45:00-06:00,2023-01-01T07:45:00+00:00,2023-01-01T01:50:00-06:00,2023-01-01T07:50:00+00:00,26014.0
2023-01-01T01:50:00-06:00,2023-01-01T07:50:00+00:00,2023-01-01T01:55:00-06:00,2023-01-01T07:55:00+00:00,26011.0
2023-01-01T01:55:00-06:00,2023-01-01T07:55:00+00:00,2023-01-01T02:00:00-06:00,2023-01-01T08:00:00+00:00,25987.0
2023-01-01T02:00:00-06:00,2023-01-01T08:00:00+00:00,2023-01-01T02:05:00-06:00,2023-01-01T08:05:00+00:00,26015.0
2023-01-01T02:05:00-06:00,2023-01-01T08:05:00+00:00,2023-01-01T02:10:00-06:00,2023-01-01T08:10:00+00:00,26002.0
2023-01-01T02:10:00-06:00,2023-01-01T08:10:00+00:00,2023-01-01T02:15:00-06:00,2023-01-01T08:15:00+00:00,25945.0
2023-01-01T02:15:00-06:00,2023-01-01T08:15:00+00:00,2023-01-01T02:20:00-06:00,2023-01-01T08:20:00+00:00,25848.0
2023-01-01T02:20:00-06:00,2023-01-01T08:20:00+00:00,2023-01-01T02:25:00-06:00,2023-01-01T08:25:00+00:00,25839.0
2023-01-01T02:25:00-06:00,2023-01-01T08:25:00+00:00,2023-01-01T02:30:00-06:00,2023-01-01T08:30:00+00:00,25855.0
2023-01-01T02:30:00-06:00,2023-01-01T08:30:00+00:00,2023-01-01T02:35:00-06:00,2023-01-01T08:35:00+00:00,25925.0
2023-01-01T02:35:00-06:00,2023-01-01T08:35:00+00:00,2023-01-01T02:40:00-06:00,2023-01-01T08:40:00+00:00,25915.0
2023-01-01T02:40:00-06:00,2023-01-01T08:40:00+00:00,2023-01-01T02:45:00-06:00,2023-01-01T08:45:00+00:00,25934.0
2023-01-01T02:45:00-06:00,2023-01-01T08:45:00+00:00,2023-01-01T02:50:00-06:00,2023-01-01T08:50:00+00:00,25960.0
2023-01-01T02:50:00-06:00,2023-01-01T08:50:00+00:00,2023-01-01T02:55:00-06:00,2023-01-01T08:55:00+00:00,25979.0
2023-01-01T02:55:00-06:00,2023-01-01T08:55:00+00:00,2023-01-01T03:00:00-06:00,2023-01-01T09:00:00+00:00,25964.0
2023-01-01T03:00:00-06:00,2023-01-01T09:00:00+00:00,2023-01-01T03:05:00-06:00,2023-01-01T09:05:00+00:00,25944.0
2023-01-01T03:05:00-06:00,2023-01-01T09:05:00+00:00,2023-01-01T03:10:00-06:00,2023-01-01T09:10:00+00:00,26006.0
2023-01-01T03:10:00-06:00,2023-01-01T09:10:00+00:00,2023-01-01T03:15:00-06:00,2023-01-01T09:15:00+00:00,25989.0
2023-01-01T03:15:00-06:00,2023-01-01T09:15:00+00:00,2023-01-01T03:20:00-06:00,2023-01-01T09:20:00+00:00,25995.0
2023-01-01T03:20:00-06:00,2023-01-01T09:20:00+00:00,2023-01-01T03:25:00-06:00,2023-01-01T09:25:00+00:00,25979.0
2023-01-01T03:25:00-06:00,2023-01-01T09:25:00+00:00,2023-01-01T03:30:00-06:00,2023-01-01T09:30:00+00:00,25948.0
2023-01-01T03:30:00-06:00,2023-01-01T09:30:00+00:00,2023-01-01T03:35:00-06:00,2023-01-01T09:35:00+00:00,25918.0
2023-01-01T03:35:00-06:00,2023-01-01T09:35:00+00:00,2023-01-01T03:40:00-06:00,2023-01-01T09:40:00+00:00,25851.0
2023-01-01T03:40:00-06:00,2023-01-01T09:40:00+00:00,2023-01-01T03:45:00-06:00,2023-01-01T09:45:00+00:00,25950.0
2023-01-01T03:45:00-06:00,2023-01-01T09:45:00+00:00,2023-01-01T03:50:00-06:00,2023-01-01T09:50:00+00:00,25949.0
2023-01-01T03:50:00-06:00,2023-01-01T09:50:00+00:00,2023-01-01T03:55:00-06:00,2023-01-01T09:55:00+00:00,25966.0
2023-01-01T03:55:00-06:00,2023-01-01T09:55:00+00:00,2023-01-01T04:00:00-06:00,2023-01-01T10:00:00+00:00,25961.0
2023-01-01T04:00:00-06:00,2023-01-01T10:00:00+00:00,2023-01-01T04:05:00-06:00,2023-01-01T10:05:00+00:00,25951.0
2023-01-01T04:05:00-06:00,2023-01-01T10:05:00+00:00,2023-01-01T04:10:00-06:00,2023-01-01T10:10:00+00:00,25989.0
2023-01-01T04:10:00-06:00,2023-01-01T10:10:00+00:00,2023-01-01T04:15:00-06:00,2023-01-01T10:15:00+00:00,25914.0
2023-01-01T04:15:00-06:00,2023-01-01T10:15:00+00:00,2023-01-01T04:20:00-06:00,2023-01-01T10:20:00+00:00,26044.0
2023-01-01T04:20:00-06:00,2023-01-01T10:20:00+00:00,2023-01-01T04:25:00-06:00,2023-01-01T10:25:00+00:00,25991.0
2023-01-01T04:25:00-06:00,2023-01-01T10:25:00+00:00,2023-01-01T04:30:00-06:00,2023-01-01T10:30:00+00:00,26010.0
2023-01-01T04:30:00-06:00,2023-01-01T10:30:00+00:00,2023-01-01T04:35:00-06:00,2023-01-01T10:35:00+00:00,25967.0
2023-01-01T04:35:00-06:00,2023-01-01T10:35:00+00:00,2023-01-01T04:40:00-06:00,2023-01-01T10:40:00+00:00,26007.0
2023-01-01T04:40:00-06:00,2023-01-01T10:40:00+00:00,2023-01-01T04:45:00-06:00,2023-01-01T10:45:00+00:00,26077.0
2023-01-01T04:45:00-06:00,2023-01-01T10:45:00+00:00,2023-01-01T04:50:00-06:00,2023-01-01T10:50:00+00:00,26070.0
2023-01-01T04:50:00-06:00,2023-01-01T10:50:00+00:00,2023-01-01T04:55:00-06:00,2023-01-01T10:55:00+00:00,25998.0
2023-01-01T04:55:00-06:00,2023-01-01T10:55:00+00:00,2023-01-01T05:00:00-06:00,2023-01-01T11:00:00+00:00,26095.0
2023-01-01T05:00:00-06:00,2023-01-01T11:00:00+00:00,2023-01-01T05:05:00-06:00,2023-01-01T11:05:00+00:00,26186.0
2023-01-01T05:05:00-06:00,2023-01-01T11:05:00+00:00,2023-01-01T05:10:00-06:00,2023-01-01T11:10:00+00:00,26172.0
2023-01-01T05:10:00-06:00,2023-01-01T11:10:00+00:00,2023-01-01T05:15:00-06:00,2023-01-01T11:15:00+00:00,26201.0
2023-01-01T05:15:00-06:00,2023-01-01T11:15:00+00:00,2023-01-01T05:20:00-06:00,2023-01-01T11:20:00+00:00,26261.0
2023-01-01T05:20:00-06:00,2023-01-01T11:20:00+00:00,2023-01-01T05:25:00-06:00,2023-01-01T11:25:00+00:00,26236.0
2023-01-01T05:25:00-06:00,2023-01-01T11:25:00+00:00,2023-01-01T05:30:00-06:00,2023-01-01T11:30:00+00:00,26276.0
2023-01-01T05:30:00-06:00,2023-01-01T11:30:00+00:00,2023-01-01T05:35:00-06:00,2023-01-01T11:35:00+00:00,26271.0
2023-01-01T05:35:00-06:00,2023-01-01T11:35:00+00:00,2023-01-01T05:40:00-06:00,2023-01-01T11:40:00+00:00,26333.0
2023-01-01T05:40:00-06:00,2023-01-01T11:40:00+00:00,2023-01-01T05:45:00-06:00,2023-01-01T11:45:00+00:00,26353.0
2023-01-01T05:45:00-06:00,2023-01-01T11:45:00+00:00,2023-01-01T05:50:00-06:00,2023-01-01T11:50:00+00:00,26387.0
2023-01-01T05:50:00-06:00,2023-01-01T11:50:00+00:00,2023-01-01T05:55:00-06:00,2023-01-01T11:55:00+00:00,26421.0
2023-01-01T05:55:00-06:00,2023-01-01T11:55:00+00:00,2023-01-01T06:00:00-06:00,2023-01-01T12:00:00+00:00,26403.0
2023-01-01T06:00:00-06:00,2023-01-01T12:00:00+00:00,2023-01-01T06:05:00-06:00,2023-01-01T12:05:00+00:00,26476.0
2023-01-01T06:05:00-06:00,2023-01-01T12:05:00+00:00,2023-01-01T06:10:00-06:00,2023-01-01T12:10:00+00:00,26557.0
2023-01-01T06:10:00-06:00,2023-01-01T12:10:00+00:00,2023-01-01T06:15:00-06:00,2023-01-01T12:15:00+00:00,26624.0
2023-01-01T06:15:00-06:00,2023-01-01T12:15:00+00:00,2023-01-01T06:20:00-06:00,2023-01-01T12:20:00+00:00,26680.0
2023-01-01T06:20:00-06:00,2023-01-01T12:20:00+00:00,2023-01-01T06:25:00-06:00,2023-01-01T12:25:00+00:00,26745.0
2023-01-01T06:25:00-06:00,2023-01-01T12:25:00+00:00,2023-01-01T06:30:00-06:00,2023-01-01T12:30:00+00:00,26775.0
2023-01-01T06:30:00-06:00,2023-01-01T12:30:00+00:00,2023-01-01T06:35:00-06:00,2023-01-01T12:35:00+00:00,26780.0
2023-01-01T06:35:00-06:00,2023-01-01T12:35:00+00:00,2023-01-01T06:40:00-06:00,2023-01-01T12:40:00+00:00,26865.0
2023-01-01T06:40:00-06:00,2023-01-01T12:40:00+00:00,2023-01-01T06:45:00-06:00,2023-01-01T12:45:00+00:00,26847.0
2023-01-01T06:45:00-06:00,2023-01-01T12:45:00+00:00,2023-01-01T06:50:00-06:00,2023-01-01T12:50:00+00:00,26931.0
2023-01-01T06:50:00-06:00,2023-01-01T12:50:00+00:00,2023-01-01T06:55:00-06:00,2023-01-01T12:55:00+00:00,26934.0
2023-01-01T06:55:00-06:00,2023-01-01T12:55:00+00:00,2023-01-01T07:00:00-06:00,2023-01-01T13:00:00+00:00,26936.0
2023-01-01T07:00:00-06:00,2023-01-01T13:00:00+00:00,2023-01-01T07:05:00-06:00,2023-01-01T13:05:00+00:00,27092.0
2023-01-01T07:05:00-06:00,2023-01-01T13:05:00+00:00,2023-01-01T07:10:00-06:00,2023-01-01T13:10:00+00:00,27243.0
2023-01-01T07:10:00-06:00,2023-01-01T13:10:00+00:00,2023-01-01T07:15:00-06:00,2023-01-01T13:15:00+00:00,27289.0
2023-01-01T07:15:00-06:00,2023-01-01T13:15:00+00:00,2023-01-01T07:20:00-06:00,2023-01-01T13:20:00+00:00,27295.0
2023-01-01T07:20:00-06:00,2023-01-01T13:20:00+00:00,2023-01-01T07:25:00-06:00,2023-01-01T13:25:00+00:00,27262.0
2023-01-01T07:25:00-06:00,2023-01-01T13:25:00+00:00,2023-01-01T07:30:00-06:00,2023-01-01T13:30:00+00:00,27221.0
2023-01-01T07:30:00-06:00,2023-01-01T13:30:00+00:00,2023-01-01T07:35:00-06:00,2023-01-01T13:35:00+00:00,27282.0
2023-01-01T07:35:00-06:00,2023-01-01T13:35:00+00:00,2023-01-01T07:40:00-06:00,2023-01-01T13:40:00+00:00,27273.0
2023-01-01T07:40:00-06:00,2023-01-01T13:40:00+00:00,2023-01-01T07:45:00-06:00,2023-01-01T13:45:00+00:00,27274.0
2023-01-01T07:45:00-06:00,2023-01-01T13:45:00+00:00,2023-01-01T07:50:00-06:00,2023-01-01T13:50:00+00:00,27383.0
2023-01-01T07:50:00-06:00,2023-01-01T13:50:00+00:00,2023-01-01T07:55:00-06:00,2023-01-01T13:55:00+00:00,27420.0
2023-01-01T07:55:00-06:00,2023-01-01T13:55:00+00:00,2023-01-01T08:00:00-06:00,2023-01-01T14:00:00+00:00,27418.0
2023-01-01T08:00:00-06:00,2023-01-01T14:00:00+00:00,2023-01-01T08:05:00-06:00,2023-01-01T14:05:00+00:00,27409.0
2023-01-01T08:05:00-06:00,2023-01-01T14:05:00+00:00,2023-01-01T08:10:00-06:00,2023-01-01T14:10:00+00:00,27465.0
2023-01-01T08:10:00-06:00,2023-01-01T14:10:00+00:00,2023-01-01T08:15:00-06:00,2023-01-01T14:15:00+00:00,27550.0
2023-01-01T08:15:00-06:00,2023-01-01T14:15:00+00:00,2023-01-01T08:20:00-06:00,2023-01-01T14:20:00+00:00,27582.0
2023-01-01T08:20:00-06:00,2023-01-01T14:20:00+00:00,2023-01-01T08:25:00-06:00,2023-01-01T14:25:00+00:00,27548.0
2023-01-01T08:25:00-06:00,2023-01-01T14:25:00+00:00,2023-01-01T08:30:00-06:00,2023-01-01T14:30:00+00:00,27616.0
2023-01-01T08:30:00-06:00,2023-01-01T14:30:00+00:00,2023-01-01T08:35:00-06:00,2023-01-01T14:35:00+00:00,27641.0
2023-01-01T08:35:00-06:00,2023-01-01T14:35:00+00:00,2023-01-01T08:40:00-06:00,2023-01-01T14:40:00+00:00,27685.0
2023-01-01T08:40:00-06:00,2023-01-01T14:40:00+00:00,2023-01-01T08:45:00-06:00,2023-01-01T14:45:00+00:00,27658.0
2023-01-01T08:45:00-06:00,2023-01-01T14:45:00+00:00,2023-01-01T08:50:00-06:00,2023-01-01T14:50:00+00:00,27673.0
2023-01-01T08:50:00-06:00,2023-01-01T14:50:00+00:00,2023-01-01T08:55:00-06:00,2023-01-01T14:55:00+00:00,27739.0
2023-01-01T08:55:00-06:00,2023-01-01T14:55:00+00:00,2023-01-01T09:00:00-06:00,2023-01-01T15:00:00+00:00,27713.0
2023-01-01T09:00:00-06:00,2023-01-01T15:00:00+00:00,2023-01-01T09:05:00-06:00,2023-01-01T15:05:00+00:00,27606.0
2023-01-01T09:05:00-06:00,2023-01-01T15:05:00+00:00,2023-01-01T09:10:00-06:00,2023-01-01T15:10:00+00:00,27641.0
2023-01-01T09:10:00-06:00,2023-01-01T15:10:00+00:00,2023-01-01T09:15:00-06:00,2023-01-01T15:15:00+00:00,27723.0
2023-01-01T09:15:00-06:00,2023-01-01T15:15:00+00:00,2023-01-01T09:20:00-06:00,2023-01-01T15:20:00+00:00,27693.0
2023-01-01T09:20:00-06:00,2023-01-01T15:20:00+00:00,2023-01-01T09:25:00-06:00,2023-01-01T15:25:00+00:00,27682.0
2023-01-01T09:25:00-06:00,2023-01-01T15:25:00+00:00,2023-01-01T09:30:00-06:00,2023-01-01T15:30:00+00:00,27619.0
2023-01-01T09:30:00-06:00,2023-01-01T15:30:00+00:00,2023-01-01T09:35:00-06:00,2023-01-01T15:35:00+00:00,27598.0
2023-01-01T09:35:00-06:00,2023-01-01T15:35:00+00:00,2023-01-01T09:40:00-06:00,2023-01-01T15:40:00+00:00,27594.0
2023-01-01T09:40:00-06:00,2023-01-01T15:40:00+00:00,2023-01-01T09:45:00-06:00,2023-01-01T15:45:00+00:00,27530.0
2023-01-01T09:45:00-06:00,2023-01-01T15:45:00+00:00,2023-01-01T09:50:00-06:00,2023-01-01T15:50:00+00:00,27528.0
2023-01-01T09:50:00-06:00,2023-01-01T15:50:00+00:00,2023-01-01T09:55:00-06:00,2023-01-01T15:55:00+00:00,27590.0
2023-01-01T09:55:00-06:00,2023-01-01T15:55:00+00:00,2023-01-01T10:00:00-06:00,2023-01-01T16:00:00+00:00,27536.0
2023-01-01T10:00:00-06:00,2023-01-01T16:00:00+00:00,2023-01-01T10:05:00-06:00,2023-01-01T16:05:00+00:00,27514.0
2023-01-01T10:05:00-06:00,2023-01-01T16:05:00+00:00,2023-01-01T10:10:00-06:00,2023-01-01T16:10:00+00:00,27481.0
2023-01-01T10:10:00-06:00,2023-01-01T16:10:00+00:00,2023-01-01T10:15:00-06:00,2023-01-01T16:15:00+00:00,27457.0
2023-01-01T10:15:00-06:00,2023-01-01T16:15:00+00:00,2023-01-01T10:20:00-06:00,2023-01-01T16:20:00+00:00,27411.0
2023-01-01T10:20:00-06:00,2023-01-01T16:20:00+00:00,2023-01-01T10:25:00-06:00,2023-01-01T16:25:00+00:00,27297.0
2023-01-01T10:25:00-06:00,2023-01-01T16:25:00+00:00,2023-01-01T10:30:00-06:00,2023-01-01T16:30:00+00:00,27268.0
2023-01-01T10:30:00-06:00,2023-01-01T16:30:00+00:00,2023-01-01T10:35:00-06:00,2023-01-01T16:35:00+00:00,27294.0
2023-01-01T10:35:00-06:00,2023-01-01T16:35:00+00:00,2023-01-01T10:40:00-06:00,2023-01-01T16:40:00+00:00,27231.0
2023-01-01T10:40:00-06:00,2023-01-01T16:40:00+00:00,2023-01-01T10:45:00-06:00,2023-01-01T16:45:00+00:00,27206.0
2023-01-01T10:45:00-06:00,2023-01-01T16:45:00+00:00,2023-01-01T10:50:00-06:00,2023-01-01T16:50:00+00:00,27141.0
2023-01-01T10:50:00-06:00,2023-01-01T16:50:00+00:00,2023-01-01T10:55:00-06:00,2023-01-01T16:55:00+00:00,27115.0
2023-01-01T10:55:00-06:00,2023-01-01T16:55:00+00:00,2023-01-01T11:00:00-06:00,2023-01-01T17:00:00+00:00,27042.0
2023-01-01T11:00:00-06:00,2023-01-01T17:00:00+00:00,2023-01-01T11:05:00-06:00,2023-01-01T17:05:00+00:00,27005.0
2023-01-01T11:05:00-06:00,2023-01-01T17:05:00+00:00,2023-01-01T11:10:00-06:00,2023-01-01T17:10:00+00:00,26909.0
2023-01-01T11:10:00-06:00,2023-01-01T17:10:00+00:00,2023-01-01T11:15:00-06:00,2023-01-01T17:15:00+00:00,26898.0
2023-01-01T11:15:00-06:00,2023-01-01T17:15:00+00:00,2023-01-01T11:20:00-06:00,2023-01-01T17:20:00+00:00,26851.0
2023-01-01T11:20:00-06:00,2023-01-01T17:20:00+00:00,2023-01-01T11:25:00-06:00,2023-01-01T17:25:00+00:00,26847.0
2023-01-01T11:25:00-06:00,2023-01-01T17:25:00+00:00,2023-01-01T11:30:00-06:00,2023-01-01T17:30:00+00:00,26835.0
2023-01-01T11:30:00-06:00,2023-01-01T17:30:00+00:00,2023-01-01T11:35:00-06:00,2023-01-01T17:35:00+00:00,26888.0
2023-01-01T11:35:00-06:00,2023-01-01T17:35:00+00:00,2023-01-01T11:40:00-06:00,2023-01-01T17:40:00+00:00,26857.0
2023-01-01T11:40:00-06:00,2023-01-01T17:40:00+00:00,2023-01-01T11:45:00-06:00,2023-01-01T17:45:00+00:00,26861.0
2023-01-01T11:45:00-06:00,2023-01-01T17:45:00+00:00,2023-01-01T11:50:00-06:00,2023-01-01T17:50:00+00:00,26907.0
2023-01-01T11:50:00-06:00,2023-01-01T17:50:00+00:00,2023-01-01T11:55:00-06:00,2023-01-01T17:55:00+00:00,26944.0
2023-01-01T11:55:00-06:00,2023-01-01T17:55:00+00:00,2023-01-01T12:00:00-06:00,2023-01-01T18:00:00+00:00,26930.0
2023-01-01T12:00:00-06:00,2023-01-01T18:00:00+00:00,2023-01-01T12:05:00-06:00,2023-01-01T18:05:00+00:00,26892.0
2023-01-01T12:05:00-06:00,2023-01-01T18:05:00+00:00,2023-01-01T12:10:00-06:00,2023-01-01T18:10:00+00:00,26922.0
2023-01-01T12:10:00-06:00,2023-01-01T18:10:00+00:00,2023-01-01T12:15:00-06:00,2023-01-01T18:15:00+00:00,26912.0
2023-01-01T12:15:00-06:00,2023-01-01T18:15:00+00:00,2023-01-01T12:20:00-06:00,2023-01-01T18:20:00+00:00,26751.0
2023-01-01T12:20:00-06:00,2023-01-01T18:20:00+00:00,2023-01-01T12:25:00-06:00,2023-01-01T18:25:00+00:00,26699.0
2023-01-01T12:25:00-06:00,2023-01-01T18:25:00+00:00,2023-01-01T12:30:00-06:00,2023-01-01T18:30:00+00:00,26736.0
2023-01-01T12:30:00-06:00,2023-01-01T18:30:00+00:00,2023-01-01T12:35:00-06:00,2023-01-01T18:35:00+00:00,26680.0
2023-01-01T12:35:00-06:00,2023-01-01T18:35:00+00:00,2023-01-01T12:40:00-06:00,2023-01-01T18:40:00+00:00,26603.0
2023-01-01T12:40:00-06:00,2023-01-01T18:40:00+00:00,2023-01-01T12:45:00-06:00,2023-01-01T18:45:00+00:00,26578.0
2023-01-01T12:45:00-06:00,2023-01-01T18:45:00+00:00,2023-01-01T12:50:00-06:00,2023-01-01T18:50:00+00:00,26614.0
2023-01-01T12:50:00-06:00,2023-01-01T18:50:00+00:00,2023-01-01T12:55:00-06:00,2023-01-01T18:55:00+00:00,26602.0
2023-01-01T12:55:00-06:00,2023-01-01T18:55:00+00:00,2023-01-01T13:00:00-06:00,2023-01-01T19:00:00+00:00,26511.0
2023-01-01T13:00:00-06:00,2023-01-01T19:00:00+00:00,2023-01-01T13:05:00-06:00,2023-01-01T19:05:00+00:00,26474.0
2023-01-01T13:05:00-06:00,2023-01-01T19:05:00+00:00,2023-01-01T13:10:00-06:00,2023-01-01T19:10:00+00:00,26433.0
2023-01-01T13:10:00-06:00,2023-01-01T19:10:00+00:00,2023-01-01T13:15:00-06:00,2023-01-01T19:15:00+00:00,26377.0
2023-01-01T13:15:00-06:00,2023-01-01T19:15:00+00:00,2023-01-01T13:20:00-06:00,2023-01-01T19:20:00+00:00,26346.0
2023-01-01T13:20:00-06:00,2023-01-01T19:20:00+00:00,2023-01-01T13:25:00-06:00,2023-01-01T19:25:00+00:00,26255.0
2023-01-01T13:25:00-06:00,2023-01-01T19:25:00+00:00,2023-01-01T13:30:00-06:00,2023-01-01T19:30:00+00:00,26161.0
2023-01-01T13:30:00-06:00,2023-01-01T19:30:00+00:00,2023-01-01T13:35:00-06:00,2023-01-01T19:35:00+00:00,26130.0
2023-01-01T13:35:00-06:00,2023-01-01T19:35:00+00:00,2023-01-01T13:40:00-06:00,2023-01-01T19:40:00+00:00,26128.0
2023-01-01T13:40:00-06:00,2023-01-01T19:40:00+00:00,2023-01-01T13:45:00-06:00,2023-01-01T19:45:00+00:00,26148.0
2023-01-01T13:45:00-06:00,2023-01-01T19:45:00+00:00,2023-01-01T13:50:00-06:00,2023-01-01T19:50:00+00:00,26137.0
2023-01-01T13:50:00-06:00,2023-01-01T19:50:00+00:00,2023-01-01T13:55:00-06:00,2023-01-01T19:55:00+00:00,26108.0
2023-01-01T13:55:00-06:00,2023-01-01T19:55:00+00:00,2023-01-01T14:00:00-06:00,2023-01-01T20:00:00+00:00,26130.0
2023-01-01T14:00:00-06:00,2023-01-01T20:00:00+00:00,2023-01-01T14:05:00-06:00,2023-01-01T20:05:00+00:00,26120.0
2023-01-01T14:05:00-06:00,2023-01-01T20:05:00+00:00,2023-01-01T14:10:00-06:00,2023-01-01T20:10:00+00:00,26091.0
2023-01-01T14:10:00-06:00,2023-01-01T20:10:00+00:00,2023-01-01T14:15:00-06:00,2023-01-01T20:15:00+00:00,26105.0
2023-01-01T14:15:00-06:00,2023-01-01T20:15:00+00:00,2023-01-01T14:20:00-06:00,2023-01-01T20:20:00+00:00,26080.0
2023-01-01T14:20:00-06:00,2023-01-01T20:20:00+00:00,2023-01-01T14:25:00-06:00,2023-01-01T20:25:00+00:00,25994.0
2023-01-01T14:25:00-06:00,2023-01-01T20:25:00+00:00,2023-01-01T14:30:00-06:00,2023-01-01T20:30:00+00:00,26032.0
2023-01-01T14:30:00-06:00,2023-01-01T20:30:00+00:00,2023-01-01T14:35:00-06:00,2023-01-01T20:35:00+00:00,26013.0
2023-01-01T14:35:00-06:00,2023-01-01T20:35:00+00:00,2023-01-01T14:40:00-06:00,2023-01-01T20:40:00+00:00,25987.0
2023-01-01T14:40:00-06:00,2023-01-01T20:40:00+00:00,2023-01-01T14:45:00-06:00,2023-01-01T20:45:00+00:00,25957.0
2023-01-01T14:45:00-06:00,2023-01-01T20:45:00+00:00,2023-01-01T14:50:00-06:00,2023-01-01T20:50:00+00:00,25943.0
2023-01-01T14:50:00-06:00,2023-01-01T20:50:00+00:00,2023-01-01T14:55:00-06:00,2023-01-01T20:55:00+00:00,25930.0
2023-01-01T14:55:00-06:00,2023-01-01T20:55:00+00:00,2023-01-01T15:00:00-06:00,2023-01-01T21:00:00+00:00,25920.0
2023-01-01T15:00:00-06:00,2023-01-01T21:00:00+00:00,2023-01-01T15:05:00-06:00,2023-01-01T21:05:00+00:00,25856.0
2023-01-01T15:05:00-06:00,2023-01-01T21:05:00+00:00,2023-01-01T15:10:00-06:00,2023-01-01T21:10:00+00:00,25783.0
2023-01-01T15:10:00-06:00,2023-01-01T21:10:00+00:00,2023-01-01T15:15:00-06:00,2023-01-01T21:15:00+00:00,25798.0
2023-01-01T15:15:00-06:00,2023-01-01T21:15:00+00:00,2023-01-01T15:20:00-06:00,2023-01-01T21:20:00+00:00,25902.0
2023-01-01T15:20:00-06:00,2023-01-01T21:20:00+00:00,2023-01-01T15:25:00-06:00,2023-01-01T21:25:00+00:00,25922.0
2023-01-01T15:25:00-06:00,2023-01-01T21:25:00+00:00,2023-01-01T15:30:00-06:00,2023-01-01T21:30:00+00:00,25962.0
2023-01-01T15:30:00-06:00,2023-01-01T21:30:00+00:00,2023-01-01T15:35:00-06:00,2023-01-01T21:35:00+00:00,25955.0
2023-01-01T15:35:00-06:00,2023-01-01T21:35:00+00:00,2023-01-01T15:40:00-06:00,2023-01-01T21:40:00+00:00,25962.0
2023-01-01T15:40:00-06:00,2023-01-01T21:40:00+00:00,2023-01-01T15:45:00-06:00,2023-01-01T21:45:00+00:00,26010.0
2023-01-01T15:45:00-06:00,2023-01-01T21:45:00+00:00,2023-01-01T15:50:00-06:00,2023-01-01T21:50:00+00:00,26002.0
2023-01-01T15:50:00-06:00,2023-01-01T21:50:00+00:00,2023-01-01T15:55:00-06:00,2023-01-01T21:55:00+00:00,26034.0
2023-01-01T15:55:00-06:00,2023-01-01T21:55:00+00:00,2023-01-01T16:00:00-06:00,2023-01-01T22:00:00+00:00,26073.0
2023-01-01T16:00:00-06:00,2023-01-01T22:00:00+00:00,2023-01-01T16:05:00-06:00,2023-01-01T22:05:00+00:00,26122.0
2023-01-01T16:05:00-06:00,2023-01-01T22:05:00+00:00,2023-01-01T16:10:00-06:00,2023-01-01T22:10:00+00:00,26151.0
2023-01-01T16:10:00-06:00,2023-01-01T22:10:00+00:00,2023-01-01T16:15:00-06:00,2023-01-01T22:15:00+00:00,26202.0
2023-01-01T16:15:00-06:00,2023-01-01T22:15:00+00:00,2023-01-01T16:20:00-06:00,2023-01-01T22:20:00+00:00,26254.0
2023-01-01T16:20:00-06:00,2023-01-01T22:20:00+00:00,2023-01-01T16:25:00-06:00,2023-01-01T22:25:00+00:00,26275.0
2023-01-01T16:25:00-06:00,2023-01-01T22:25:00+00:00,2023-01-01T16:30:00-06:00,2023-01-01T22:30:00+00:00,26366.0
2023-01-01T16:30:00-06:00,2023-01-01T22:30:00+00:00,2023-01-01T16:35:00-06:00,2023-01-01T22:35:00+00:00,26297.0
2023-01-01T16:35:00-06:00,2023-01-01T22:35:00+00:00,2023-01-01T16:40:00-06:00,2023-01-01T22:40:00+00:00,26341.0
2023-01-01T16:40:00-06:00,2023-01-01T22:40:00+00:00,2023-01-01T16:45:00-06:00,2023-01-01T22:45:00+00:00,26417.0
2023-01-01T16:45:00-06:00,2023-01-01T22:45:00+00:00,2023-01-01T16:50:00-06:00,2023-01-01T22:50:00+00:00,26481.0
2023-01-01T16:50:00-06:00,2023-01-01T22:50:00+00:00,2023-01-01T16:55:00-06:00,2023-01-01T22:55:00+00:00,26570.0
2023-01-01T16:55:00-06:00,2023-01-01T22:55:00+00:00,2023-01-01T17:00:00-06:00,2023-01-01T23:00:00+00:00,26781.0
2023-01-01T17:00:00-06:00,2023-01-01T23:00:00+00:00,2023-01-01T17:05:00-06:00,2023-01-01T23:05:00+00:00,26897.0
2023-01-01T17:05:00-06:00,2023-01-01T23:05:00+00:00,2023-01-01T17:10:00-06:00,2023-01-01T23:10:00+00:00,27046.0
2023-01-01T17:10:00-06:00,2023-01-01T23:10:00+00:00,2023-01-01T17:15:00-06:00,2023-01-01T23:15:00+00:00,27168.0
2023-01-01T17:15:00-06:00,2023-01-01T23:15:00+00:00,2023-01-01T17:20:00-06:00,2023-01-01T23:20:00+00:00,27327.0
2023-01-01T17:20:00-06:00,2023-01-01T23:20:00+00:00,2023-01-01T17:25:00-06:00,2023-01-01T23:25:00+00:00,27508.0
2023-01-01T17:25:00-06:00,2023-01-01T23:25:00+00:00,2023-01-01T17:30:00-06:00,2023-01-01T23:30:00+00:00,27758.0
2023-01-01T17:30:00-06:00,2023-01-01T23:30:00+00:00,2023-01-01T17:35:00-06:00,2023-01-01T23:35:00+00:00,27889.0
2023-01-01T17:35:00-06:00,2023-01-01T23:35:00+00:00,2023-01-01T17:40:00-06:00,2023-01-01T23:40:00+00:00,28059.0
2023-01-01T17:40:00-06:00,2023-01-01T23:40:00+00:00,2023-01-01T17:45:00-06:00,2023-01-01T23:45:00+00:00,28212.0
2023-01-01T17:45:00-06:00,2023-01-01T23:45:00+00:00,2023-01-01T17:50:00-06:00,2023-01-01T23:50:00+00:00,28270.0
2023-01-01T17:50:00-06:00,2023-01-01T23:50:00+00:00,2023-01-01T17:55:00-06:00,2023-01-01T23:55:00+00:00,28285.0
2023-01-01T17:55:00-06:00,2023-01-01T23:55:00+00:00,2023-01-01T18:00:00-06:00,2023-01-02T00:00:00+00:00,28354.0
2023-01-01T18:00:00-06:00,2023-01-02T00:00:00+00:00,2023-01-01T18:05:00-06:00,2023-01-02T00:05:00+00:00,28385.0
2023-01-01T18:05:00-06:00,2023-01-02T00:05:00+00:00,2023-01-01T18:10:00-06:00,2023-01-02T00:10:00+00:00,28413.0
2023-01-01T18:10:00-06:00,2023-01-02T00:10:00+00:00,2023-01-01T18:15:00-06:00,2023-01-02T00:15:00+00:00,28498.0
2023-01-01T18:15:00-06:00,2023-01-02T00:15:00+00:00,2023-01-01T18:20:00-06:00,2023-01-02T00:20:00+00:00,28524.0
2023-01-01T18:20:00-06:00,2023-01-02T00:20:00+00:00,2023-01-01T18:25:00-06:00,2023-01-02T00:25:00+00:00,28526.0
2023-01-01T18:25:00-06:00,2023-01-02T00:25:00+00:00,2023-01-01T18:30:00-06:00,2023-01-02T00:30:00+00:00,28480.0
2023-01-01T18:30:00-06:00,2023-01-02T00:30:00+00:00,2023-01-01T18:35:00-06:00,2023-01-02T00:35:00+00:00,28427.0
2023-01-01T18:35:00-06:00,2023-01-02T00:35:00+00:00,2023-01-01T18:40:00-06:00,2023-01-02T00:40:00+00:00,28513.0
2023-01-01T18:40:00-06:00,2023-01-02T00:40:00+00:00,2023-01-01T18:45:00-06:00,2023-01-02T00:45:00+00:00,28466.0
2023-01-01T18:45:00-06:00,2023-01-02T00:45:00+00:00,2023-01-01T18:50:00-06:00,2023-01-02T00:50:00+00:00,28463.0
2023-01-01T18:50:00-06:00,2023-01-02T00:50:00+00:00,2023-01-01T18:55:00-06:00,2023-01-02T00:55:00+00:00,28462.0
2023-01-01T18:55:00-06:00,2023-01-02T00:55:00+00:00,2023-01-01T19:00:00-06:00,2023-01-02T01:00:00+00:00,28432.0
2023-01-01T19:00:00-06:00,2023-01-02T01:00:00+00:00,2023-01-01T19:05:00-06:00,2023-01-02T01:05:00+00:00,28364.0
2023-01-01T19:05:00-06:00,2023-01-02T01:05:00+00:00,2023-01-01T19:10:00-06:00,2023-01-02T01:10:00+00:00,28385.0
2023-01-01T19:10:00-06:00,2023-01-02T01:10:00+00:00,2023-01-01T19:15:00-06:00,2023-01-02T01:15:00+00:00,28330.0
2023-01-01T19:15:00-06:00,2023-01-02T01:15:00+00:00,2023-01-01T19:20:00-06:00,2023-01-02T01:20:00+00:00,28326.0
2023-01-01T19:20:00-06:00,2023-01-02T01:20:00+00:00,2023-01-01T19:25:00-06:00,2023-01-02T01:25:00+00:00,28298.0
2023-01-01T19:25:00-06:00,2023-01-02T01:25:00+00:00,2023-01-01T19:30:00-06:00,2023-01-02T01:30:00+00:00,28260.0
2023-01-01T19:30:00-06:00,2023-01-02T01:30:00+00:00,2023-01-01T19:35:00-06:00,2023-01-02T01:35:00+00:00,28192.0
2023-01-01T19:35:00-06:00,2023-01-02T01:35:00+00:00,2023-01-01T19:40:00-06:00,2023-01-02T01:40:00+00:00,28130.0
2023-01-01T19:40:00-06:00,2023-01-02T01:40:00+00:00,2023-01-01T19:45:00-06:00,2023-01-02T01:45:00+00:00,28148.0
2023-01-01T19:45:00-06:00,2023-01-02T01:45:00+00:00,2023-01-01T19:50:00-06:00,2023-01-02T01:50:00+00:00,28173.0
2023-01-01T19:50:00-06:00,2023-01-02T01:50:00+00:00,2023-01-01T19:55:00-06:00,2023-01-02T01:55:00+00:00,28114.0
2023-01-01T19:55:00-06:00,2023-01-02T01:55:00+00:00,2023-01-01T20:00:00-06:00,2023-01-02T02:00:00+00:00,28130.0
2023-01-01T20:00:00-06:00,2023-01-02T02:00:00+00:00,2023-01-01T20:05:00-06:00,2023-01-02T02:05:00+00:00,28010.0
2023-01-01T20:05:00-06:00,2023-01-02T02:05:00+00:00,2023-01-01T20:10:00-06:00,2023-01-02T02:10:00+00:00,27988.0
2023-01-01T20:10:00-06:00,2023-01-02T02:10:00+00:00,2023-01-01T20:15:00-06:00,2023-01-02T02:15:00+00:00,27991.0
2023-01-01T20:15:00-06:00,2023-01-02T02:15:00+00:00,2023-01-01T20:20:00-06:00,2023-01-02T02:20:00+00:00,28054.0
2023-01-01T20:20:00-06:00,2023-01-02T02:20:00+00:00,2023-01-01T20:25:00-06:00,2023-01-02T02:25:00+00:00,28048.0
2023-01-01T20:25:00-06:00,2023-01-02T02:25:00+00:00,2023-01-01T20:30:00-06:00,2023-01-02T02:30:00+00:00,28016.0
2023-01-01T20:30:00-06:00,2023-01-02T02:30:00+00:00,2023-01-01T20:35:00-06:00,2023-01-02T02:35:00+00:00,27984.0
2023-01-01T20:35:00-06:00,2023-01-02T02:35:00+00:00,2023-01-01T20:40:00-06:00,2023-01-02T02:40:00+00:00,27902.0
2023-01-01T20:40:00-06:00,2023-01-02T02:40:00+00:00,2023-01-01T20:45:00-06:00,2023-01-02T02:45:00+00:00,27892.0
2023-01-01T20:45:00-06:00,2023-01-02T02:45:00+00:00,2023-01-01T20:50:00-06:00,2023-01-02T02:50:00+00:00,27753.0
2023-01-01T20:50:00-06:00,2023-01-02T02:50:00+00:00,2023-01-01T20:55:00-06:00,2023-01-02T02:55:00+00:00,27740.0
2023-01-01T20:55:00-06:00,2023-01-02T02:55:00+00:00,2023-01-01T21:00:00-06:00,2023-01-02T03:00:00+00:00,27621.0
2023-01-01T21:00:00-06:00,2023-01-02T03:00:00+00:00,2023-01-01T21:05:00-06:00,2023-01-02T03:05:00+00:00,27629.0
2023-01-01T21:05:00-06:00,2023-01-02T03:05:00+00:00,2023-01-01T21:10:00-06:00,2023-01-02T03:10:00+00:00,27615.0
2023-01-01T21:10:00-06:00,2023-01-02T03:10:00+00:00,2023-01-01T21:15:00-06:00,2023-01-02T03:15:00+00:00,27621.0
2023-01-01T21:15:00-06:00,2023-01-02T03:15:00+00:00,2023-01-01T21:20:00-06:00,2023-01-02T03:20:00+00:00,27566.0
2023-01-01T21:20:00-06:00,2023-01-02T03:20:00+00:00,2023-01-01T21:25:00-06:00,2023-01-02T03:25:00+00:00,27447.0
2023-01-01T21:25:00-06:00,2023-01-02T03:25:00+00:00,2023-01-01T21:30:00-06:00,2023-01-02T03:30:00+00:00,27438.0
2023-01-01T21:30:00-06:00,2023-01-02T03:30:00+00:00,2023-01-01T21:35:00-06:00,2023-01-02T03:35:00+00:00,27424.0
2023-01-01T21:35:00-06:00,2023-01-02T03:35:00+00:00,2023-01-01T21:40:00-06:00,2023-01-02T03:40:00+00:00,27301.0
2023-01-01T21:40:00-06:00,2023-01-02T03:40:00+00:00,2023-01-01T21:45:00-06:00,2023-01-02T03:45:00+00:00,27250.0
2023-01-01T21:45:00-06:00,2023-01-02T03:45:00+00:00,2023-01-01T21:50:00-06:00,2023-01-02T03:50:00+00:00,27200.0
2023-01-01T21:50:00-06:00,2023-01-02T03:50:00+00:00,2023-01-01T21:55:00-06:00,2023-01-02T03:55:00+00:00,27120.0
2023-01-01T22:50:00-06:00,2023-01-02T04:50:00+00:00,2023-01-01T22:55:00-06:00,2023-01-02T04:55:00+00:00,26346.0
2023-01-01T22:55:00-06:00,2023-01-02T04:55:00+00:00,2023-01-01T23:00:00-06:00,2023-01-02T05:00:00+00:00,26278.0
2023-01-01T23:00:00-06:00,2023-01-02T05:00:00+00:00,2023-01-01T23:05:00-06:00,2023-01-02T05:05:00+00:00,26125.0
2023-01-01T23:05:00-06:00,2023-01-02T05:05:00+00:00,2023-01-01T23:10:00-06:00,2023-01-02T05:10:00+00:00,26053.0
2023-01-01T23:10:00-06:00,2023-01-02T05:10:00+00:00,2023-01-01T23:15:00-06:00,2023-01-02T05:15:00+00:00,26040.0
2023-01-01T23:15:00-06:00,2023-01-02T05:15:00+00:00,2023-01-01T23:20:00-06:00,2023-01-02T05:20:00+00:00,26017.0
2023-01-01T23:20:00-06:00,2023-01-02T05:20:00+00:00,2023-01-01T23:25:00-06:00,2023-01-02T05:25:00+00:00,25970.0
2023-01-01T23:25:00-06:00,2023-01-02T05:25:00+00:00,2023-01-01T23:30:00-06:00,2023-01-02T05:30:00+00:00,25907.0
2023-01-01T23:30:00-06:00,2023-01-02T05:30:00+00:00,2023-01-01T23:35:00-06:00,2023-01-02T05:35:00+00:00,25862.0
2023-01-01T23:35:00-06:00,2023-01-02T05:35:00+00:00,2023-01-01T23:40:00-06:00,2023-01-02T05:40:00+00:00,25775.0
2023-01-01T23:40:00-06:00,2023-01-02T05:40:00+00:00,2023-01-01T23:45:00-06:00,2023-01-02T05:45:00+00:00,25751.0
2023-01-01T23:45:00-06:00,2023-01-02T05:45:00+00:00,2023-01-01T23:50:00-06:00,2023-01-02T05:50:00+00:00,25696.0
2023-01-01T23:50:00-06:00,2023-01-02T05:50:00+00:00,2023-01-01T23:55:00-06:00,2023-01-02T05:55:00+00:00,25647.0
2023-01-01T23:55:00-06:00,2023-01-02T05:55:00+00:00,2023-01-02T00:00:00-06:00,2023-01-02T06:00:00+00:00,25612.0
2023-01-02T00:00:00-06:00,2023-01-02T06:00:00+00:00,2023-01-02T00:05:00-06:00,2023-01-02T06:05:00+00:00,25507.0
2023-01-02T00:05:00-06:00,2023-01-02T06:05:00+00:00,2023-01-02T00:10:00-06:00,2023-01-02T06:10:00+00:00,25452.0
2023-01-02T00:10:00-06:00,2023-01-02T06:10:00+00:00,2023-01-02T00:15:00-06:00,2023-01-02T06:15:00+00:00,25349.0
2023-01-02T00:15:00-06:00,2023-01-02T06:15:00+00:00,2023-01-02T00:20:00-06:00,2023-01-02T06:20:00+00:00,25328.0
2023-01-02T00:20:00-06:00,2023-01-02T06:20:00+00:00,2023-01-02T00:25:00-06:00,2023-01-02T06:25:00+00:00,25333.0
2023-01-02T00:25:00-06:00,2023-01-02T06:25:00+00:00,2023-01-02T00:30:00-06:00,2023-01-02T06:30:00+00:00,25348.0
2023-01-02T00:30:00-06:00,2023-01-02T06:30:00+00:00,2023-01-02T00:35:00-06:00,2023-01-02T06:35:00+00:00,25329.0
2023-01-02T00:35:00-06:00,2023-01-02T06:35:00+00:00,2023-01-02T00:40:00-06:00,2023-01-02T06:40:00+00:00,25319.0
2023-01-02T00:40:00-06:00,2023-01-02T06:40:00+00:00,2023-01-02T00:45:00-06:00,2023-01-02T06:45:00+00:00,25278.0
2023-01-02T00:45:00-06:00,2023-01-02T06:45:00+00:00,2023-01-02T00:50:00-06:00,2023-01-02T06:50:00+00:00,25166.0
2023-01-02T00:50:00-06:00,2023-01-02T06:50:00+00:00,2023-01-02T00:55:00-06:00,2023-01-02T06:55:00+00:00,25191.0
2023-01-02T00:55:00-06:00,2023-01-02T06:55:00+00:00,2023-01-02T01:00:00-06:00,2023-01-02T07:00:00+00:00,25126.0
2023-01-02T01:00:00-06:00,2023-01-02T07:00:00+00:00,2023-01-02T01:05:00-06:00,2023-01-02T07:05:00+00:00,25045.0
2023-01-02T01:05:00-06:00,2023-01-02T07:05:00+00:00,2023-01-02T01:10:00-06:00,2023-01-02T07:10:00+00:00,25059.0
2023-01-02T01:10:00-06:00,2023-01-02T07:10:00+00:00,2023-01-02T01:15:00-06:00,2023-01-02T07:15:00+00:00,25052.0
2023-01-02T01:15:00-06:00,2023-01-02T07:15:00+00:00,2023-01-02T01:20:00-06:00,2023-01-02T07:20:00+00:00,25006.0
2023-01-02T01:20:00-06:00,2023-01-02T07:20:00+00:00,2023-01-02T01:25:00-06:00,2023-01-02T07:25:00+00:00,24945.0
2023-01-02T01:25:00-06:00,2023-01-02T07:25:00+00:00,2023-01-02T01:30:00-06:00,2023-01-02T07:30:00+00:00,24994.0
2023-01-02T01:30:00-06:00,2023-01-02T07:30:00+00:00,2023-01-02T01:35:00-06:00,2023-01-02T07:35:00+00:00,25010.0
2023-01-02T01:35:00-06:00,2023-01-02T07:35:00+00:00,2023-01-02T01:40:00-06:00,2023-01-02T07:40:00+00:00,24940.0
2023-01-02T01:40:00-06:00,2023-01-02T07:40:00+00:00,2023-01-02T01:45:00-06:00,2023-01-02T07:45:00+00:00,25009.0
2023-01-02T01:45:00-06:00,2023-01-02T07:45:00+00:00,2023-01-02T01:50:00-06:00,2023-01-02T07:50:00+00:00,24941.0
2023-01-02T01:50:00-06:00,2023-01-02T07:50:00+00:00,2023-01-02T01:55:00-06:00,2023-01-02T07:55:00+00:00,24949.0
2023-01-02T01:55:00-06:00,2023-01-02T07:55:00+00:00,2023-01-02T02:00:00-06:00,2023-01-02T08:00:00+00:00,24914.0
2023-01-02T02:00:00-06:00,2023-01-02T08:00:00+00:00,2023-01-02T02:05:00-06:00,2023-01-02T08:05:00+00:00,24852.0
2023-01-02T02:05:00-06:00,2023-01-02T08:05:00+00:00,2023-01-02T02:10:00-06:00,2023-01-02T08:10:00+00:00,24925.0
2023-01-02T02:10:00-06:00,2023-01-02T08:10:00+00:00,2023-01-02T02:15:00-06:00,2023-01-02T08:15:00+00:00,24787.0
2023-01-02T02:15:00-06:00,2023-01-02T08:15:00+00:00,2023-01-02T02:20:00-06:00,2023-01-02T08:20:00+00:00,24833.0
2023-01-02T02:20:00-06:00,2023-01-02T08:20:00+00:00,2023-01-02T02:25:00-06:00,2023-01-02T08:25:00+00:00,24848.0
2023-01-02T02:25:00-06:00,2023-01-02T08:25:00+00:00,2023-01-02T02:30:00-06:00,2023-01-02T08:30:00+00:00,24828.0
2023-01-02T02:30:00-06:00,2023-01-02T08:30:00+00:00,2023-01-02T02:35:00-06:00,2023-01-02T08:35:00+00:00,24836.0
2023-01-02T02:35:00-06:00,2023-01-02T08:35:00+00:00,2023-01-02T02:40:00-06:00,2023-01-02T08:40:00+00:00,24819.0
2023-01-02T02:40:00-06:00,2023-01-02T08:40:00+00:00,2023-01-02T02:45:00-06:00,2023-01-02T08:45:00+00:00,24896.0
2023-01-02T02:45:00-06:00,2023-01-02T08:45:00+00:00,2023-01-02T02:50:00-06:00,2023-01-02T08:50:00+00:00,24934.0
2023-01-02T02:50:00-06:00,2023-01-02T08:50:00+00:00,2023-01-02T02:55:00-06:00,2023-01-02T08:55:00+00:00,24907.0
2023-01-02T02:55:00-06:00,2023-01-02T08:55:00+00:00,2023-01-02T03:00:00-06:00,2023-01-02T09:00:00+00:00,24934.0
2023-01-02T03:00:00-06:00,2023-01-02T09:00:00+00:00,2023-01-02T03:05:00-06:00,2023-01-02T09:05:00+00:00,24843.0
2023-01-02T03:05:00-06:00,2023-01-02T09:05:00+00:00,2023-01-02T03:10:00-06:00,2023-01-02T09:10:00+00:00,24941.0
2023-01-02T03:10:00-06:00,2023-01-02T09:10:00+00:00,2023-01-02T03:15:00-06:00,2023-01-02T09:15:00+00:00,24961.0
2023-01-02T03:15:00-06:00,2023-01-02T09:15:00+00:00,2023-01-02T03:20:00-06:00,2023-01-02T09:20:00+00:00,24838.0
2023-01-02T03:20:00-06:00,2023-01-02T09:20:00+00:00,2023-01-02T03:25:00-06:00,2023-01-02T09:25:00+00:00,24888.0
2023-01-02T03:25:00-06:00,2023-01-02T09:25:00+00:00,2023-01-02T03:30:00-06:00,2023-01-02T09:30:00+00:00,24880.0
2023-01-02T03:30:00-06:00,2023-01-02T09:30:00+00:00,2023-01-02T03:35:00-06:00,2023-01-02T09:35:00+00:00,24885.0
2023-01-02T03:35:00-06:00,2023-01-02T09:35:00+00:00,2023-01-02T03:40:00-06:00,2023-01-02T09:40:00+00:00,24788.0
2023-01-02T03:40:00-06:00,2023-01-02T09:40:00+00:00,2023-01-02T03:45:00-06:00,2023-01-02T09:45:00+00:00,24833.0
2023-01-02T03:45:00-06:00,2023-01-02T09:45:00+00:00,2023-01-02T03:50:00-06:00,2023-01-02T09:50:00+00:00,24898.0
2023-01-02T03:50:00-06:00,2023-01-02T09:50:00+00:00,2023-01-02T03:55:00-06:00,2023-01-02T09:55:00+00:00,24963.0
2023-01-02T03:55:00-06:00,2023-01-02T09:55:00+00:00,2023-01-02T04:00:00-06:00,2023-01-02T10:00:00+00:00,24980.0
2023-01-02T04:00:00-06:00,2023-01-02T10:00:00+00:00,2023-01-02T04:05:00-06:00,2023-01-02T10:05:00+00:00,25016.0
2023-01-02T04:05:00-06:00,2023-01-02T10:05:00+00:00,2023-01-02T04:10:00-06:00,2023-01-02T10:10:00+00:00,25033.0
2023-01-02T04:10:00-06:00,2023-01-02T10:10:00+00:00,2023-01-02T04:15:00-06:00,2023-01-02T10:15:00+00:00,25099.0
2023-01-02T04:15:00-06:00,2023-01-02T10:15:00+00:00,2023-01-02T04:20:00-06:00,2023-01-02T10:20:00+00:00,25115.0
2023-01-02T04:20:00-06:00,2023-01-02T10:20:00+00:00,2023-01-02T04:25:00-06:00,2023-01-02T10:25:00+00:00,25122.0
2023-01-02T04:25:00-06:00,2023-01-02T10:25:00+00:00,2023-01-02T04:30:00-06:00,2023-01-02T10:30:00+00:00,25115.0
2023-01-02T04:30:00-06:00,2023-01-02T10:30:00+00:00,2023-01-02T04:35:00-06:00,2023-01-02T10:35:00+00:00,25123.0
2023-01-02T04:35:00-06:00,2023-01-02T10:35:00+00:00,2023-01-02T04:40:00-06:00,2023-01-02T10:40:00+00:00,25142.0
2023-01-02T04:40:00-06:00,2023-01-02T10:40:00+00:00,2023-01-02T04:45:00-06:00,2023-01-02T10:45:00+00:00,25136.0
2023-01-02T04:45:00-06:00,2023-01-02T10:45:00+00:00,2023-01-02T04:50:00-06:00,2023-01-02T10:50:00+00:00,25135.0
2023-01-02T04:50:00-06:00,2023-01-02T10:50:00+00:00,2023-01-02T04:55:00-06:00,2023-01-02T10:55:00+00:00,25250.0
2023-01-02T04:55:00-06:00,2023-01-02T10:55:00+00:00,2023-01-02T05:00:00-06:00,2023-01-02T11:00:00+00:00,25208.0
2023-01-02T05:00:00-06:00,2023-01-02T11:00:00+00:00,2023-01-02T05:05:00-06:00,2023-01-02T11:05:00+00:00,25352.0
2023-01-02T05:05:00-06:00,2023-01-02T11:05:00+00:00,2023-01-02T05:10:00-06:00,2023-01-02T11:10:00+00:00,25427.0
2023-01-02T05:10:00-06:00,2023-01-02T11:10:00+00:00,2023-01-02T05:15:00-06:00,2023-01-02T11:15:00+00:00,25529.0
2023-01-02T05:15:00-06:00,2023-01-02T11:15:00+00:00,2023-01-02T05:20:00-06:00,2023-01-02T11:20:00+00:00,25503.0
2023-01-02T05:20:00-06:00,2023-01-02T11:20:00+00:00,2023-01-02T05:25:00-06:00,2023-01-02T11:25:00+00:00,25497.0
2023-01-02T05:25:00-06:00,2023-01-02T11:25:00+00:00,2023-01-02T05:30:00-06:00,2023-01-02T11:30:00+00:00,25533.0
2023-01-02T05:30:00-06:00,2023-01-02T11:30:00+00:00,2023-01-02T05:35:00-06:00,2023-01-02T11:35:00+00:00,25653.0
2023-01-02T05:35:00-06:00,2023-01-02T11:35:00+00:00,2023-01-02T05:40:00-06:00,2023-01-02T11:40:00+00:00,25729.0
2023-01-02T05:40:00-06:00,2023-01-02T11:40:00+00:00,2023-01-02T05:45:00-06:00,2023-01-02T11:45:00+00:00,25794.0
2023-01-02T05:45:00-06:00,2023-01-02T11:45:00+00:00,2023-01-02T05:50:00-06:00,2023-01-02T11:50:00+00:00,25863.0
2023-01-02T05:50:00-06:00,2023-01-02T11:50:00+00:00,2023-01-02T05:55:00-06:00,2023-01-02T11:55:00+00:00,25929.0
2023-01-02T05:55:00-06:00,2023-01-02T11:55:00+00:00,2023-01-02T06:00:00-06:00,2023-01-02T12:00:00+00:00,25937.0
2023-01-02T06:00:00-06:00,2023-01-02T12:00:00+00:00,2023-01-02T06:05:00-06:00,2023-01-02T12:05:00+00:00,26031.0
2023-01-02T06:05:00-06:00,2023-01-02T12:05:00+00:00,2023-01-02T06:10:00-06:00,2023-01-02T12:10:00+00:00,26111.0
2023-01-02T06:10:00-06:00,2023-01-02T12:10:00+00:00,2023-01-02T06:15:00-06:00,2023-01-02T12:15:00+00:00,26157.0
2023-01-02T06:15:00-06:00,2023-01-02T12:15:00+00:00,2023-01-02T06:20:00-06:00,2023-01-02T12:20:00+00:00,26211.0
2023-01-02T06:20:00-06:00,2023-01-02T12:20:00+00:00,2023-01-02T06:25:00-06:00,2023-01-02T12:25:00+00:00,26290.0
2023-01-02T06:25:00-06:00,2023-01-02T12:25:00+00:00,2023-01-02T06:30:00-06:00,2023-01-02T12:30:00+00:00,26343.0
2023-01-02T06:30:00-06:00,2023-01-02T12:30:00+00:00,2023-01-02T06:35:00-06:00,2023-01-02T12:35:00+00:00,26295.0
2023-01-02T06:35:00-06:00,2023-01-02T12:35:00+00:00,2023-01-02T06:40:00-06:00,2023-01-02T12:40:00+00:00,26363.0
2023-01-02T06:40:00-06:00,2023-01-02T12:40:00+00:00,2023-01-02T06:45:00-06:00,2023-01-02T12:45:00+00:00,26470.0
2023-01-02T06:45:00-06:00,2023-01-02T12:45:00+00:00,2023-01-02T06:50:00-06:00,2023-01-02T12:50:00+00:00,26596.0
2023-01-02T06:50:00-06:00,2023-01-02T12:50:00+00:00,2023-01-02T06:55:00-06:00,2023-01-02T12:55:00+00:00,26566.0
2023-01-02T06:55:00-06:00,2023-01-02T12:55:00+00:00,2023-01-02T07:00:00-06:00,2023-01-02T13:00:00+00:00,26641.0
2023-01-02T07:00:00-06:00,2023-01-02T13:00:00+00:00,2023-01-02T07:05:00-06:00,2023-01-02T13:05:00+00:00,26792.0
2023-01-02T07:05:00-06:00,2023-01-02T13:05:00+00:00,2023-01-02T07:10:00-06:00,2023-01-02T13:10:00+00:00,26883.0
2023-01-02T07:10:00-06:00,2023-01-02T13:10:00+00:00,2023-01-02T07:15:00-06:00,2023-01-02T13:15:00+00:00,26840.0
2023-01-02T07:15:00-06:00,2023-01-02T13:15:00+00:00,2023-01-02T07:20:00-06:00,2023-01-02T13:20:00+00:00,26899.0
2023-01-02T07:20:00-06:00,2023-01-02T13:20:00+00:00,2023-01-02T07:25:00-06:00,2023-01-02T13:25:00+00:00,26997.0
2023-01-02T07:25:00-06:00,2023-01-02T13:25:00+00:00,2023-01-02T07:30:00-06:00,2023-01-02T13:30:00+00:00,27016.0
2023-01-02T07:30:00-06:00,2023-01-02T13:30:00+00:00,2023-01-02T07:35:00-06:00,2023-01-02T13:35:00+00:00,27095.0
2023-01-02T07:35:00-06:00,2023-01-02T13:35:00+00:00,2023-01-02T07:40:00-06:00,2023-01-02T13:40:00+00:00,27188.0
2023-01-02T07:40:00-06:00,2023-01-02T13:40:00+00:00,2023-01-02T07:45:00-06:00,2023-01-02T13:45:00+00:00,27284.0
2023-01-02T07:45:00-06:00,2023-01-02T13:45:00+00:00,2023-01-02T07:50:00-06:00,2023-01-02T13:50:00+00:00,27375.0
2023-01-02T07:50:00-06:00,2023-01-02T13:50:00+00:00,2023-01-02T07:55:00-06:00,2023-01-02T13:55:00+00:00,27365.0
2023-01-02T07:55:00-06:00,2023-01-02T13:55:00+00:00,2023-01-02T08:00:00-06:00,2023-01-02T14:00:00+00:00,27424.0
2023-01-02T08:00:00-06:00,2023-01-02T14:00:00+00:00,2023-01-02T08:05:00-06:00,2023-01-02T14:05:00+00:00,27543.0
2023-01-02T08:05:00-06:00,2023-01-02T14:05:00+00:00,2023-01-02T08:10:00-06:00,2023-01-02T14:10:00+00:00,27653.0
2023-01-02T08:10:00-06:00,2023-01-02T14:10:00+00:00,2023-01-02T08:15:00-06:00,2023-01-02T14:15:00+00:00,27726.0
2023-01-02T08:15:00-06:00,2023-01-02T14:15:00+00:00,2023-01-02T08:20:00-06:00,2023-01-02T14:20:00+00:00,27765.0
2023-01-02T08:20:00-06:00,2023-01-02T14:20:00+00:00,2023-01-02T08:25:00-06:00,2023-01-02T14:25:00+00:00,27696.0
2023-01-02T08:25:00-06:00,2023-01-02T14:25:00+00:00,2023-01-02T08:30:00-06:00,2023-01-02T14:30:00+00:00,27736.0
2023-01-02T08:30:00-06:00,2023-01-02T14:30:00+00:00,2023-01-02T08:35:00-06:00,2023-01-02T14:35:00+00:00,27764.0
2023-01-02T08:35:00-06:00,2023-01-02T14:35:00+00:00,2023-01-02T08:40:00-06:00,2023-01-02T14:40:00+00:00,27839.0
2023-01-02T08:40:00-06:00,2023-01-02T14:40:00+00:00,2023-01-02T08:45:00-06:00,2023-01-02T14:45:00+00:00,27886.0
2023-01-02T08:45:00-06:00,2023-01-02T14:45:00+00:00,2023-01-02T08:50:00-06:00,2023-01-02T14:50:00+00:00,27938.0
2023-01-02T08:50:00-06:00,2023-01-02T14:50:00+00:00,2023-01-02T08:55:00-06:00,2023-01-02T14:55:00+00:00,28010.0
2023-01-02T08:55:00-06:00,2023-01-02T14:55:00+00:00,2023-01-02T09:00:00-06:00,2023-01-02T15:00:00+00:00,28128.0
2023-01-02T09:00:00-06:00,2023-01-02T15:00:00+00:00,2023-01-02T09:05:00-06:00,2023-01-02T15:05:00+00:00,28167.0
2023-01-02T09:05:00-06:00,2023-01-02T15:05:00+00:00,2023-01-02T09:10:00-06:00,2023-01-02T15:10:00+00:00,28280.0
2023-01-02T09:10:00-06:00,2023-01-02T15:10:00+00:00,2023-01-02T09:15:00-06:00,2023-01-02T15:15:00+00:00,28333.0
2023-01-02T09:15:00-06:00,2023-01-02T15:15:00+00:00,2023-01-02T09:20:00-06:00,2023-01-02T15:20:00+00:00,28365.0
2023-01-02T09:20:00-06:00,2023-01-02T15:20:00+00:00,2023-01-02T09:25:00-06:00,2023-01-02T15:25:00+00:00,28402.0
2023-01-02T09:25:00-06:00,2023-01-02T15:25:00+00:00,2023-01-02T09:30:00-06:00,2023-01-02T15:30:00+00:00,28482.0
2023-01-02T09:30:00-06:00,2023-01-02T15:30:00+00:00,2023-01-02T09:35:00-06:00,2023-01-02T15:35:00+00:00,28457.0
2023-01-02T09:35:00-06:00,2023-01-02T15:35:00+00:00,2023-01-02T09:40:00-06:00,2023-01-02T15:40:00+00:00,28515.0
2023-01-02T09:40:00-06:00,2023-01-02T15:40:00+00:00,2023-01-02T09:45:00-06:00,2023-01-02T15:45:00+00:00,28523.0
2023-01-02T09:45:00-06:00,2023-01-02T15:45:00+00:00,2023-01-02T09:50:00-06:00,2023-01-02T15:50:00+00:00,28545.0
2023-01-02T09:50:00-06:00,2023-01-02T15:50:00+00:00,2023-01-02T09:55:00-06:00,2023-01-02T15:55:00+00:00,28597.0
2023-01-02T09:55:00-06:00,2023-01-02T15:55:00+00:00,2023-01-02T10:00:00-06:00,2023-01-02T16:00:00+00:00,28641.0
2023-01-02T10:00:00-06:00,2023-01-02T16:00:00+00:00,2023-01-02T10:05:00-06:00,2023-01-02T16:05:00+00:00,28697.0
2023-01-02T10:05:00-06:00,2023-01-02T16:05:00+00:00,2023-01-02T10:10:00-06:00,2023-01-02T16:10:00+00:00,28776.0
2023-01-02T10:10:00-06:00,2023-01-02T16:10:00+00:00,2023-01-02T10:15:00-06:00,2023-01-02T16:15:00+00:00,28879.0
2023-01-02T10:15:00-06:00,2023-01-02T16:15:00+00:00,2023-01-02T10:20:00-06:00,2023-01-02T16:20:00+00:00,28951.0
2023-01-02T10:20:00-06:00,2023-01-02T16:20:00+00:00,2023-01-02T10:25:00-06:00,2023-01-02T16:25:00+00:00,29026.0
2023-01-02T10:25:00-06:00,2023-01-02T16:25:00+00:00,2023-01-02T10:30:00-06:00,2023-01-02T16:30:00+00:00,29049.0
2023-01-02T10:30:00-06:00,2023-01-02T16:30:00+00:00,2023-01-02T10:35:00-06:00,2023-01-02T16:35:00+00:00,29034.0
2023-01-02T10:35:00-06:00,2023-01-02T16:35:00+00:00,2023-01-02T10:40:00-06:00,2023-01-02T16:40:00+00:00,29086.0
2023-01-02T10:40:00-06:00,2023-01-02T16:40:00+00:00,2023-01-02T10:45:00-06:00,2023-01-02T16:45:00+00:00,29040.0
2023-01-02T10:45:00-06:00,2023-01-02T16:45:00+00:00,2023-01-02T10:50:00-06:00,2023-01-02T16:50:00+00:00,29146.0
2023-01-02T10:50:00-06:00,2023-01-02T16:50:00+00:00,2023-01-02T10:55:00-06:00,2023-01-02T16:55:00+00:00,29203.0
2023-01-02T10:55:00-06:00,2023-01-02T16:55:00+00:00,2023-01-02T11:00:00-06:00,2023-01-02T17:00:00+00:00,29196.0
2023-01-02T11:00:00-06:00,2023-01-02T17:00:00+00:00,2023-01-02T11:05:00-06:00,2023-01-02T17:05:00+00:00,29201.0
2023-01-02T11:05:00-06:00,2023-01-02T17:05:00+00:00,2023-01-02T11:10:00-06:00,2023-01-02T17:10:00+00:00,29158.0
2023-01-02T11:10:00-06:00,2023-01-02T17:10:00+00:00,2023-01-02T11:15:00-06:00,2023-01-02T17:15:00+00:00,29182.0
2023-01-02T11:15:00-06:00,2023-01-02T17:15:00+00:00,2023-01-02T11:20:00-06:00,2023-01-02T17:20:00+00:00,29198.0
2023-01-02T11:20:00-06:00,2023-01-02T17:20:00+00:00,2023-01-02T11:25:00-06:00,2023-01-02T17:25:00+00:00,29180.0
2023-01-02T11:25:00-06:00,2023-01-02T17:25:00+00:00,2023-01-02T11:30:00-06:00,2023-01-02T17:30:00+00:00,29125.0
2023-01-02T11:30:00-06:00,2023-01-02T17:30:00+00:00,2023-01-02T11:35:00-06:00,2023-01-02T17:35:00+00:00,29151.0
2023-01-02T11:35:00-06:00,2023-01-02T17:35:00+00:00,2023-01-02T11:40:00-06:00,2023-01-02T17:40:00+00:00,29237.0
2023-01-02T11:40:00-06:00,2023-01-02T17:40:00+00:00,2023-01-02T11:45:00-06:00,2023-01-02T17:45:00+00:00,29240.0
2023-01-02T11:45:00-06:00,2023-01-02T17:45:00+00:00,2023-01-02T11:50:00-06:00,2023-01-02T17:50:00+00:00,29376.0
2023-01-02T11:50:00-06:00,2023-01-02T17:50:00+00:00,2023-01-02T11:55:00-06:00,2023-01-02T17:55:00+00:00,29348.0
2023-01-02T11:55:00-06:00,2023-01-02T17:55:00+00:00,2023-01-02T12:00:00-06:00,2023-01-02T18:00:00+00:00,29337.0
2023-01-02T12:00:00-06:00,2023-01-02T18:00:00+00:00,2023-01-02T12:05:00-06:00,2023-01-02T18:05:00+00:00,29361.0
2023-01-02T12:05:00-06:00,2023-01-02T18:05:00+00:00,2023-01-02T12:10:00-06:00,2023-01-02T18:10:00+00:00,29322.0
2023-01-02T12:10:00-06:00,2023-01-02T18:10:00+00:00,2023-01-02T12:15:00-06:00,2023-01-02T18:15:00+00:00,29321.0
2023-01-02T12:15:00-06:00,2023-01-02T18:15:00+00:00,2023-01-02T12:20:00-06:00,2023-01-02T18:20:00+00:00,29210.0
2023-01-02T12:20:00-06:00,2023-01-02T18:20:00+00:00,2023-01-02T12:25:00-06:00,2023-01-02T18:25:00+00:00,29237.0
2023-01-02T12:25:00-06:00,2023-01-02T18:25:00+00:00,2023-01-02T12:30:00-06:00,2023-01-02T18:30:00+00:00,29224.0
2023-01-02T12:30:00-06:00,2023-01-02T18:30:00+00:00,2023-01-02T12:35:00-06:00,2023-01-02T18:35:00+00:00,29215.0
2023-01-02T12:35:00-06:00,2023-01-02T18:35:00+00:00,2023-01-02T12:40:00-06:00,2023-01-02T18:40:00+00:00,29148.0
2023-01-02T12:40:00-06:00,2023-01-02T18:40:00+00:00,2023-01-02T12:45:00-06:00,2023-01-02T18:45:00+00:00,29175.0
2023-01-02T12:45:00-06:00,2023-01-02T18:45:00+00:00,2023-01-02T12:50:00-06:00,2023-01-02T18:50:00+00:00,29152.0
2023-01-02T12:50:00-06:00,2023-01-02T18:50:00+00:00,2023-01-02T12:55:00-06:00,2023-01-02T18:55:00+00:00,29097.0
2023-01-02T12:55:00-06:00,2023-01-02T18:55:00+00:00,2023-01-02T13:00:00-06:00,2023-01-02T19:00:00+00:00,29029.0
2023-01-02T13:00:00-06:00,2023-01-02T19:00:00+00:00,2023-01-02T13:05:00-06:00,2023-01-02T19:05:00+00:00,29048.0
2023-01-02T13:05:00-06:00,2023-01-02T19:05:00+00:00,2023-01-02T13:10:00-06:00,2023-01-02T19:10:00+00:00,29064.0
2023-01-02T13:10:00-06:00,2023-01-02T19:10:00+00:00,2023-01-02T13:15:00-06:00,2023-01-02T19:15:00+00:00,29048.0
2023-01-02T13:15:00-06:00,2023-01-02T19:15:00+00:00,2023-01-02T13:20:00-06:00,2023-01-02T19:20:00+00:00,29010.0
2023-01-02T13:20:00-06:00,2023-01-02T19:20:00+00:00,2023-01-02T13:25:00-06:00,2023-01-02T19:25:00+00:00,28978.0
2023-01-02T13:25:00-06:00,2023-01-02T19:25:00+00:00,2023-01-02T13:30:00-06:00,2023-01-02T19:30:00+00:00,28952.0
2023-01-02T13:30:00-06:00,2023-01-02T19:30:00+00:00,2023-01-02T13:35:00-06:00,2023-01-02T19:35:00+00:00,29000.0
2023-01-02T13:35:00-06:00,2023-01-02T19:35:00+00:00,2023-01-02T13:40:00-06:00,2023-01-02T19:40:00+00:00,28997.0
2023-01-02T13:40:00-06:00,2023-01-02T19:40:00+00:00,2023-01-02T13:45:00-06:00,2023-01-02T19:45:00+00:00,29031.0
2023-01-02T13:45:00-06:00,2023-01-02T19:45:00+00:00,2023-01-02T13:50:00-06:00,2023-01-02T19:50:00+00:00,28982.0
2023-01-02T13:50:00-06:00,2023-01-02T19:50:00+00:00,2023-01-02T13:55:00-06:00,2023-01-02T19:55:00+00:00,29052.0
2023-01-02T13:55:00-06:00,2023-01-02T19:55:00+00:00,2023-01-02T14:00:00-06:00,2023-01-02T20:00:00+00:00,28998.0
2023-01-02T14:00:00-06:00,2023-01-02T20:00:00+00:00,2023-01-02T14:05:00-06:00,2023-01-02T20:05:00+00:00,28923.0
2023-01-02T14:05:00-06:00,2023-01-02T20:05:00+00:00,2023-01-02T14:10:00-06:00,2023-01-02T20:10:00+00:00,28855.0
2023-01-02T14:10:00-06:00,2023-01-02T20:10:00+00:00,2023-01-02T14:15:00-06:00,2023-01-02T20:15:00+00:00,28835.0
2023-01-02T14:15:00-06:00,2023-01-02T20:15:00+00:00,2023-01-02T14:20:00-06:00,2023-01-02T20:20:00+00:00,28879.0
2023-01-02T14:20:00-06:00,2023-01-02T20:20:00+00:00,2023-01-02T14:25:00-06:00,2023-01-02T20:25:00+00:00,28849.0
2023-01-02T14:25:00-06:00,2023-01-02T20:25:00+00:00,2023-01-02T14:30:00-06:00,2023-01-02T20:30:00+00:00,28914.0
2023-01-02T14:30:00-06:00,2023-01-02T20:30:00+00:00,2023-01-02T14:35:00-06:00,2023-01-02T20:35:00+00:00,28875.0
2023-01-02T14:35:00-06:00,2023-01-02T20:35:00+00:00,2023-01-02T14:40:00-06:00,2023-01-02T20:40:00+00:00,28892.0
2023-01-02T14:40:00-06:00,2023-01-02T20:40:00+00:00,2023-01-02T14:45:00-06:00,2023-01-02T20:45:00+00:00,28880.0
2023-01-02T14:45:00-06:00,2023-01-02T20:45:00+00:00,2023-01-02T14:50:00-06:00,2023-01-02T20:50:00+00:00,28769.0
2023-01-02T14:50:00-06:00,2023-01-02T20:50:00+00:00,2023-01-02T14:55:00-06:00,2023-01-02T20:55:00+00:00,28771.0
2023-01-02T14:55:00-06:00,2023-01-02T20:55:00+00:00,2023-01-02T15:00:00-06:00,2023-01-02T21:00:00+00:00,28833.0
2023-01-02T15:00:00-06:00,2023-01-02T21:00:00+00:00,2023-01-02T15:05:00-06:00,2023-01-02T21:05:00+00:00,28775.0
2023-01-02T15:05:00-06:00,2023-01-02T21:05:00+00:00,2023-01-02T15:10:00-06:00,2023-01-02T21:10:00+00:00,28792.0
2023-01-02T15:10:00-06:00,2023-01-02T21:10:00+00:00,2023-01-02T15:15:00-06:00,2023-01-02T21:15:00+00:00,28814.0
2023-01-02T15:15:00-06:00,2023-01-02T21:15:00+00:00,2023-01-02T15:20:00-06:00,2023-01-02T21:20:00+00:00,28879.0
2023-01-02T15:20:00-06:00,2023-01-02T21:20:00+00:00,2023-01-02T15:25:00-06:00,2023-01-02T21:25:00+00:00,28832.0
2023-01-02T16:30:00-06:00,2023-01-02T22:30:00+00:00,2023-01-02T16:35:00-06:00,2023-01-02T22:35:00+00:00,29282.0
2023-01-02T16:35:00-06:00,2023-01-02T22:35:00+00:00,2023-01-02T16:40:00-06:00,2023-01-02T22:40:00+00:00,29333.0
2023-01-02T16:40:00-06:00,2023-01-02T22:40:00+00:00,2023-01-02T16:45:00-06:00,2023-01-02T22:45:00+00:00,29404.0
2023-01-02T16:45:00-06:00,2023-01-02T22:45:00+00:00,2023-01-02T16:50:00-06:00,2023-01-02T22:50:00+00:00,29421.0
2023-01-02T16:50:00-06:00,2023-01-02T22:50:00+00:00,2023-01-02T16:55:00-06:00,2023-01-02T22:55:00+00:00,29528.0
2023-01-02T16:55:00-06:00,2023-01-02T22:55:00+00:00,2023-01-02T17:00:00-06:00,2023-01-02T23:00:00+00:00,29584.0
2023-01-02T17:00:00-06:00,2023-01-02T23:00:00+00:00,2023-01-02T17:05:00-06:00,2023-01-02T23:05:00+00:00,29686.0
2023-01-02T17:05:00-06:00,2023-01-02T23:05:00+00:00,2023-01-02T17:10:00-06:00,2023-01-02T23:10:00+00:00,29771.0
2023-01-02T17:10:00-06:00,2023-01-02T23:10:00+00:00,2023-01-02T17:15:00-06:00,2023-01-02T23:15:00+00:00,29868.0
2023-01-02T17:15:00-06:00,2023-01-02T23:15:00+00:00,2023-01-02T17:20:00-06:00,2023-01-02T23:20:00+00:00,29948.0
2023-01-02T17:20:00-06:00,2023-01-02T23:20:00+00:00,2023-01-02T17:25:00-06:00,2023-01-02T23:25:00+00:00,30084.0
2023-01-02T17:25:00-06:00,2023-01-02T23:25:00+00:00,2023-01-02T17:30:00-06:00,2023-01-02T23:30:00+00:00,30173.0
2023-01-02T17:30:00-06:00,2023-01-02T23:30:00+00:00,2023-01-02T17:35:00-06:00,2023-01-02T23:35:00+00:00,30183.0
2023-01-02T17:35:00-06:00,2023-01-02T23:35:00+00:00,2023-01-02T17:40:00-06:00,2023-01-02T23:40:00+00:00,30277.0
2023-01-02T17:40:00-06:00,2023-01-02T23:40:00+00:00,2023-01-02T17:45:00-06:00,2023-01-02T23:45:00+00:00,30443.0
2023-01-02T17:45:00-06:00,2023-01-02T23:45:00+00:00,2023-01-02T17:50:00-06:00,2023-01-02T23:50:00+00:00,30424.0
2023-01-02T17:50:00-06:00,2023-01-02T23:50:00+00:00,2023-01-02T17:55:00-06:00,2023-01-02T23:55:00+00:00,30605.0
2023-01-02T17:55:00-06:00,2023-01-02T23:55:00+00:00,2023-01-02T18:00:00-06:00,2023-01-03T00:00:00+00:00,30514.0
